Frame name,Datetime,Fork name,Disc.,Sizes,date,Frame code,Fork code,RefreshTimeUTC
RONINR DISC,2019-08-12 00:00:00,Ronin-R Disc,RD,45 – 52 (4),12.08.2019,KAZE-RORD-RD,KAZE-RORD-RD,2019-09-01 14:15:20
A01,2019-08-12 00:00:00,A01 Fork,RD,44 - 58 (7),12.08.2019,DEV-A01-RD,DEV-A01F-RD,2019-09-01 14:15:20
KANON 2019 DISC,2019-08-12 00:00:00,Kanon 2019 Disc,RD,44 – 54 (5),12.08.2019,KAZE-KAND-RD,KAZE-KAND-RD,2019-09-01 14:15:20
NEO_20,2019-08-07 00:00:00,NEOF_20,RD,XXS - XL (6),07.08.2019,VRSL-N20-RD,VRSL-N20F-RD,2019-09-01 14:15:20
AIRCODE DISQUE,2019-07-29 00:00:00,AIRCODE DISQUE,RD,XS – XXL (6),29.07.2019,LAPI-AIR3-RD,LAPI-AIR3-RD,2019-09-01 14:15:20
PRZ,2019-07-26 00:00:00,PRZ,TR,S - L (3),26.07.2019,BSC-PRZ-TR,BSC-PRZ-TR,2019-09-01 14:15:20
Z88,2019-07-22 00:00:00,Z88,TT,50 - 60 (6),22.07.2019,ZAN-Z88-RD,ZAN-Z88-RD,2019-09-01 14:15:20
ROAD TEAM DISC,2019-07-18 00:00:00,Road Team Disc,RD,48 - 58 (6),18.07.2019,MAS-RTD-RD,MAS-RTD-RD,2019-09-01 14:15:20
20MY CAYIN DISC,2019-07-17 00:00:00,20MY CAYIN DISC,RD,470 - 490 (2),17.07.2019,VGL-CAY5-RD,VGL-CAY5-RD,2019-09-01 14:15:20
20MY SCARLATTI,2019-07-17 00:00:00,20MY SCARLATTI, , , , , ,2019-09-01 14:15:20
NATURE BOY,2019-07-17 00:00:00,NATURE BOY,CX,46 - 61 (6),17.07.2019,ACIT-NBOY-CX,ACIT-NBOY-CX,2019-09-01 14:15:20
MACHO KING,2019-07-17 00:00:00,MACHO KING,CX,46 - 61 (6),17.07.2019,ACIT-MKIN-CX,ACIT-MKIN-CX,2019-09-01 14:15:20
INFINITO XE,2019-06-19 00:00:00,INFINITO XE,RD,47 - 61 (7),19.06.2019,BIAN-INXE-RD,BIAN-INXE-RD,2019-09-01 14:15:20
TCR ADV MY21 RIM,2019-06-14 00:00:00,TCR Adv MY21 Rim,RD,XS - XL (6),14.06.2019,GIAN-028-RD,GIAN-028-RD,2019-09-01 14:15:20
TCR ADV MY21 DISC,2019-06-14 00:00:00,TCR Adv MY21 Disc,RD,XS - XL (6),14.06.2019,GIAN-030-RD,GIAN-030-RD,2019-09-01 14:15:20
TCR ADV SL MY21 RIM,2019-06-14 00:00:00,TCR Adv SL MY21 Rim,RD,XS - XL (6),14.06.2019,GIAN-026-RD,GIAN-026-RD,2019-09-01 14:15:20
TCR ADV PRO MY21,2019-06-14 00:00:00,TCR Adv Pro MY21, , , , , ,2019-09-01 14:15:20
TCR ADV SL MY21,2019-06-14 00:00:00, , , , , , ,2019-09-01 14:15:20
AEROLIGHT DISC,2019-06-07 00:00:00,Aerolight Disc,RD,S - XL (4),07.06.2019,BHB-AERD-TT,BHB-AERD-TT,2019-09-01 14:15:20
O2V2 DISC,2019-05-27 00:00:00,FK-08,RD,49 - 61 (6),27.05.2019,FACT-02VD-RD,FACT-02VD-RD,2019-09-01 14:15:20
B.1 DISC,2019-05-17 00:00:00,B.1 Disc,RD,42s - 58s (8),17.05.2019,COLN-B1D-RD,COLN-B1D-RD,2019-09-01 14:15:20
B.1,2019-05-17 00:00:00,B.1,RD,42s - 58s (8),17.05.2019,COLN-B1-RD,COLN-B1-RD,2019-09-01 14:15:20
V3RS,2019-05-17 00:00:00,V3-rs,RD,42s - 58s (8),17.05.2019,COLN-V3R-RD,COLN-V3R-RD,2019-09-01 14:15:20
V3RS DISC,2019-05-17 00:00:00,V3-rs Disc,RD,42s - 58s (8),17.05.2019,COLN-V3RD-RD,COLN-V3RD-RD,2019-09-01 14:15:20
DOGMA F12 XLIGHT,2019-05-17 00:00:00,DOGMA F12 X-LIGHT,RD,420 – 620 (13),17.05.2019,PINA-032X-RD,PINA-032X-RD,2019-09-01 14:15:20
DOGMA F12 DISK X,2019-05-17 00:00:00,DOGMA F12 DISK X-, , , , , ,2019-09-01 14:15:20
REVEAL DISC,2019-05-16 00:00:00,REVEAL FORK DISC,RD,50 - 64 (7),16.05.2019,ROSE-RVLD-RD,ROSE-RVLD-RD,2019-09-01 14:15:20
VELTRIX DISC,2019-05-16 00:00:00,VELTRIX Disc, ,RD, , , ,2019-09-01 14:15:20
REVEAL,2019-05-16 00:00:00,REVEAL FORK,RD,50 - 64 (7),16.05.2019,ROSE-RVL-RD,ROSE-RVL-RD,2019-09-01 14:15:20
G8 DISC,2019-05-13 00:00:00,G8 Disc,RD,XS - XL (5),13.05.2019,BHB-G8D-RD,BHB-G8D-RD,2019-09-01 14:15:20
SAN REMO DISC,2019-05-06 00:00:00,San Remo Disc,RD,XS - XL (5),06.05.2019,EMC-SRD-RD,EMC-SRD-RD,2019-09-01 14:15:20
SAN REMO,2019-05-06 00:00:00,San Remo,RD,XS - XL (5),06.05.2019,EMC-SR-RD,EMC-SR-RD,2019-09-01 14:15:20
HYDROPURSTM1,2019-05-06 00:00:00,-,RD,440 - 491 (5),06.05.2019,MAG-HPT1-RD,-,2019-09-01 14:15:20
HELIUM S LX DISC,2019-05-06 00:00:00,Helium SLX Disc,RD,XXS - XL (6),06.05.2019,RID-HSLD-RD,RID-HSLD-RD,2019-09-01 14:15:20
PHANTOM,2019-05-03 00:00:00,PHANTOM,TR,51 - 58 (4),24.03.2017,DURA-PHA-RD,DURA-PHA-RD,2019-09-01 14:15:20
CX6D MY 2020,2019-04-29 00:00:00,CX6D MY 2020,CX,490 - 530 (3),29.04.2019,BSC-C6D0-CX,BSC-C6D0-CX,2019-09-01 14:15:20
R928 NEW IDOL DISC,2019-04-18 00:00:00,R928 NEW IDOL DISC,RD,437 - 565 (6),18.04.2019,DER-IDLD-RD,DER-IDLD-RD,2019-09-01 14:15:20
NEW MERAK DISC,2019-04-18 00:00:00,NEW MERAK DISC,RD,43 - 58 (8),18.04.2019,DER-MERD-RD,DER-MERD-RD,2019-09-01 14:15:20
NEW MERAK,2019-04-18 00:00:00,NEW MERAK,RD,43 - 58 (8),18.04.2019,DER-MER-RD,DER-MER-RD,2019-09-01 14:15:20
F12D,2019-04-18 00:00:00,F12-D,RD,XXS – XL (6),18.04.2019,MEND-F12D-RD,MEND-F12D-RD,2019-09-01 14:15:20
EQUIPE EVO,2019-04-11 00:00:00,EQUIPE EVO,RD,49 – 59 (6),11.04.2019,AQU-EQEV-RD,AQU-EQEV-RD,2019-09-01 14:15:20
ASTRA DISC,2019-04-11 00:00:00,ASTRA disc,RD,45 - 61 (7),11.04.2019,BAS-ASTD-RD,BAS-ASTD-RD,2019-09-01 14:15:20
MARCELLO HP25D,2019-04-09 00:00:00,Marcello HP25D,RD,47 - 59 (7),09.04.2019,RAIK-HP25D-RD,RAIK-HP25D-RD,2019-09-01 14:15:20
ALPE DHUEZ 21D,2019-04-09 00:00:00,TF05D,RD,XXS – XL (6),09.04.2019,TIME-AH21D-RD,TIME-TF5D-RD,2019-09-01 14:15:20
ALPE DHUEZ 01D,2019-04-09 00:00:00,TFP02D,RD,XXS – XL (6),09.04.2019,TIME-AH1D-RD,TIME-TF2D-RD,2019-09-01 14:15:20
AFIELD,2019-04-03 00:00:00,AFIELD,RD,XS – XL (6),03.04.2019,SEKA-AFLD-RD,SEKA-AFLD-RD,2019-09-01 14:15:20
ECLIPSE,2019-04-03 00:00:00,ECLIPSE CR41,RD,480 - 600 (7),03.04.2019,BORA-ECLP-RD,BORA-ECLP-RD,2019-09-01 14:15:20
INDUSTRIE,2019-04-02 00:00:00,Industrie,RD,47-58 (5),02.04.2019,ALLE-INDS-RD,ALLE-INDS-RD,2019-09-01 14:15:20
DOGMA F12 DISK,2019-04-01 00:00:00,DOGMA F12 DISK,RD,420 – 620 (13),01.04.2019,PINA-033-RD,PINA-033-RD,2019-09-01 14:15:20
ADDICT RC,2019-03-28 00:00:00,ADDICT RC,RD,47 - 61 (7),28.03.2019,SCOT-ADRC-RD,SCOT-ADRC-RD,2019-09-01 14:15:20
SHIV TT,2019-03-22 00:00:00,SHIV TT,TT,XS - L (4),22.03.2019,SPE-SHIV-TT,SPE-SHIV-TT,2019-09-01 14:15:20
KIMERA DISC,2019-03-21 00:00:00,Kimera Disc,RD,50 - 63 (6),21.03.2019,KOGA-KIMD-RD,KOGA-KIMD-RD,2019-09-01 14:15:20
SPRINT,2019-03-21 00:00:00,SPRINT,TT,XXS – XL (6),29.07.2016,LIOT-SPRT-RD,LIOT-SPRT-RD,2019-09-01 14:15:20
DOGMA F12,2019-03-15 00:00:00,DOGMA F12,RD,420 – 620 (13),15.03.2019,PINA-032-RD,PINA-032-RD,2019-09-01 14:15:20
ESCAPEE,2019-03-15 00:00:00,Escapee,RD,48-60 (5),15.03.2019,ARC8-ESC-RD,ARC8-ESC-RD,2019-09-01 14:15:20
AVIATOR,2019-03-15 00:00:00,Aviator,RD,48-60 (5),15.03.2019,MUS-AVTR-RD,MUS-AVTR-RD,2019-09-01 14:15:20
VEGTER,2019-03-12 00:00:00,VEGTER,RD,50-58 (5),12.03.2019,MONT-VEGT-RD,MONT-VEGT-RD,2019-09-01 14:15:20
LITENING 20,2019-02-25 00:00:00,LITENING 20,RD,50 – 60 (6),25.02.2019,CUBE-LI20-RD,CUBE-LI20-RD,2019-09-01 14:15:20
KUR23 DISC,2019-02-22 00:00:00,KU-R23 Disc,RD,49 - 61 (5),22.02.2019,KUOT-K23D-RD,KUOT-K23D-RD,2019-09-01 14:15:20
KUTT06,2019-02-22 00:00:00,KU-TT06,TT,49 - 61 (5),22.02.2019,KUOT-TT06-TT,KUOT-TT06-TT,2019-09-01 14:15:20
ELITE SL,2019-02-14 00:00:00,ELITE SL,RD,45 - 60 (8),14.02.2019,ZERO-ESL-RD,ZERO-ESL-RD,2019-09-01 14:15:20
CAAD13,2019-02-13 00:00:00,CAAD13,RD,44 - 62 (8),13.02.2019,CANN-C13-RD,CANN-C13-RD,2019-09-01 14:15:20
CAAD13 DISC,2019-02-13 00:00:00,CAAD13 Disc,RD,44 - 62 (8),13.02.2019,CANN-C13D-RD,CANN-C13D-RD,2019-09-01 14:15:20
B20,2019-02-13 00:00:00,B20,TR,S – XL (4),13.02.2019,FES-B20-TR,FES-B20-TR,2019-09-01 14:15:20
B20TT,2019-02-13 00:00:00,B20-TT,TR,B20-6 (1),13.02.2019,FES-B20T-TR,FES-B20T-TR,2019-09-01 14:15:20
DOGMA FS,2019-02-13 00:00:00,DOGMA FS,RD,530 – 575 (4),13.02.2019,PINA-031-RD,PINA-031-RD,2019-09-01 14:15:20
AERFAST,2019-02-08 00:00:00,Aerfast,RD,XS - XL (5),08.02.2019,STOR-AEF-RD,STOR-AEF-RD,2019-09-01 14:15:20
Time WARP TT2,2019-02-06 00:00:00,Time WARP TT2,FK,-,06.02.2019,-,MERI-TWFK-TT,2019-09-01 14:15:20
VSRU,2019-01-21 00:00:00,VSRu,RD,XXS – XL (6),21.01.2019,DARE-VSRU-RD,DARE-VSRU-RD,2019-09-01 14:15:20
MMR ATTACK DISC,2019-01-20 00:00:00,MMR Attack Disc,CX,S - XXL (5),20.01.2019,MMR-ATTD-RD,MMR-ATTD-RD,2019-09-01 14:15:20
SPRINT DISC,2019-01-20 00:00:00,SPRINT Disc,RD,44-61 (8),20.01.2019,BIAN-SPRD-RD,BIAN-SPRD-RD,2019-09-01 14:15:20
MMR ADRENALINE SLD,2019-01-20 00:00:00,MMR Adrenaline SLD /, , , , , ,2019-09-01 14:15:20
PULSIUM DISC,2019-01-20 00:00:00,PULSIUM Dic,RD,46 - 58 (5),20.01.2019,LAPI-PULD-RD,LAPI-PULD-RD,2019-09-01 14:15:20
AVAIL ADV DISC MY20,2019-01-18 00:00:00,Avail Adv Disc MY20,RD,XXS - L (5),18.01.2019,GIAN-025-RD,GIAN-025-RD,2019-09-01 14:15:20
ASPERO,2019-01-17 00:00:00,ASPERO,CX,48 - 61 (6),17.01.2019,CERV-F137-CX,CERV-FK67-CX,2019-09-01 14:15:20
STEALTH,2019-01-14 00:00:00,FK-STLT,RD,XS-XL (5),14.01.2019,PYTH-STLT-RD,PYTH-STLT-RD,2019-09-01 14:15:20
MESON DISC,2019-01-14 00:00:00,MESON Disc,RD,49 - 61 (5),14.01.2019,ISA-MESD-RD,ISA-MESD-RD,2019-09-01 14:15:20
FIREBIRD CELERRA,2019-01-14 00:00:00,Firebird Celerra,RD,XS – XL (5),14.01.2019,DRAG-CEL-RD,DRAG-CEL-RD,2019-09-01 14:15:20
CROCKETT MY20,2018-12-21 00:00:00,Crockett MY20,CX,47 - 61 (7),21.12.2018,TREK-055-CX,TREK-055-CX,2019-09-01 14:15:20
FEROCE DISC,2018-12-14 00:00:00,Feroce Disc,RD,43 – 58 (8),14.12.2018,JAVA-FERD-RD,JAVA-FERD-RD,2019-09-01 14:15:20
KUR23,2018-12-14 00:00:00,KU-R23,RD,49 - 61 (5),14.12.2018,KUOT-KU23-RD,KUOT-KU23-RD,2019-09-01 14:15:20
STRATTOS,2018-12-14 00:00:00,STRATTOS,RD,43 – 60 (7),14.12.2018,PTIS-STR-RD,PTIS-STR-RD,2019-09-01 14:15:20
RONIN  R,2018-12-14 00:00:00,Ronin - R,RD,45 – 52 (5),14.12.2018,KAZE-ROR-RD,KAZE-ROR-RD,2019-09-01 14:15:20
007 ROAD,2018-12-14 00:00:00,007 Road,RD,46 – 58 (5),14.12.2018,AST-007-RD,AST-007-RD,2019-09-01 14:15:20
NECER,2018-12-13 00:00:00,NECER,RD,49 - 58 (5),13.12.2018,CBT-NEC-RD,CBT-NEC-RD,2019-09-01 14:15:20
R96E,2018-12-10 00:00:00,R96E,TR,SX/S/M/L,10.12.2018,LOOK-R96E-TR,LOOK-R96E-TR,2019-09-01 14:15:20
CHRONO,2018-11-30 00:00:00,CHRONO,TT,S – M - L,30.11.2018,BTWI-CHR-TT,BTWI-CHR-TT,2019-09-01 14:15:20
AURO,2018-11-30 00:00:00,AURO,TT,XS – L (4),30.11.2018,VITU-AURO-TT,VITU-AURO-TT,2019-09-01 14:15:20
DREAMLINE,2018-11-28 00:00:00,DREAMLINE,RD,XS/S/M/L/XL,28.11.2018,ADRI-DRM-RD,ADRI-DRM-RD,2019-09-01 14:15:20
DARDO DISC,2018-11-27 00:00:00,Reflex Disc,RD,XXS - XXL (7),27.11.2018,FOND-DARD-RD,FOND-REFD-RD,2019-09-01 14:15:20
SLIKER PRO,2018-11-27 00:00:00,Sliker Pro,RD,48 – 60 (5),27.11.2018,THOM-SPRO-RD,THOM-SPRO-RD,2019-09-01 14:15:20
HP25,2018-11-27 00:00:00,HP25,RD,47 - 59 (7),27.11.2018,RAIK-HP25-RD,RAIK-HP25-RD,2019-09-01 14:15:20
AJ1 DISC,2018-11-23 00:00:00,AJ-1 Disc,RD,46.5 - 56 (4),23.11.2018,WDN-AJ1D-RD,WDN-AJ1D-RD,2019-09-01 14:15:20
525,2018-11-15 00:00:00,525,RD,XS - XL (5),15.11.2018,EMX-525-RD,EMX-525-RD,2019-09-01 14:15:20
525 DISC,2018-11-15 00:00:00,525 Disc,RD,XS - XL (5),15.11.2018,EMX-525D-RD,EMX-525D-RD,2019-09-01 14:15:20
BOND 2.0,2018-11-14 00:00:00,BOND 2.0,RD,XS – XL (5),14.11.2018,DIAM-B02-RD,DIAM-B02-RD,2019-09-01 14:15:20
VELTRIX CALIPER,2018-11-14 00:00:00,XS(50) – XL(58), ,XS(50) – XL(58), , , ,2019-09-01 14:15:20
ROADMACHINE 20,2018-11-14 00:00:00,Roadmachine 20,Roadmachine 20 RD,47 - 61 (6),14.11.2018,BMC-RDMA-RD,BMC-RDMA-RD,2019-09-01 14:15:20
MR1S DB,2018-10-29 00:00:00,MR1s DB,RD,XXXS – XXL (8),29.10.2018,DARE-MR1D-RD,DARE-MR1D-RD,2019-09-01 14:15:20
SUPERSIX EVO 3 DISC,2018-10-25 00:00:00,SuperSix EVO 3 Disc,RD,44 - 62 (8),25.10.2018,CANN-S6D-RD,CANN-S6D-RD,2019-09-01 14:15:20
SUPERSIX EVO 3,2018-10-25 00:00:00,SuperSix EVO 3,RD,44 - 62 (8),25.10.2018,CANN-S6R-RD,CANN-S6R-RD,2019-09-01 14:15:20
AERO FLOW EX,2018-10-16 00:00:00,Aero Flow EX,RD,XXS – XXL (7),16.10.2018,FOUR-AFEX-RD,FOUR-AFEX-RD,2019-09-01 14:15:20
E118 PRO,2018-10-15 00:00:00,E-118 Pro, , , , , ,2019-09-01 14:15:20
BOND DISC,2018-10-15 00:00:00,BOND Disc,RD,XS – XL (5),15.10.2018,DIAM-B2D-RD,DIAM-B2D-RD,2019-09-01 14:15:20
765G,2018-10-09 00:00:00,765F,CX,XS/S/M/L/XL,09.10.2018,LOOK-765G-CX,LOOK-765F-CX,2019-09-01 14:15:20
STREAMLINE,2018-10-09 00:00:00,STREAMLINE,RD,XS/S/M/L/XL,09.10.2018,ADRI-STR-RD,ADRI-STR-RD,2019-09-01 14:15:20
CROSSISTA,2018-10-05 00:00:00,CX,490 - 580 (6), ,PINA-030-CX, , ,2019-09-01 14:15:20
BTB,2018-10-03 00:00:00,BTB,TR,52 – 62 (6),03.10.2018,DIXI-BTB-TR,DIXI-BTB-TR,2019-09-01 14:15:20
XELIUS SL 2 DISC,2018-09-28 00:00:00,XELIUS SL 2 Disc,RD,46 - 61 (6),28.09.2018,LAPI-XS2D-RD,LAPI-XS2D-RD,2019-09-01 14:15:20
AR,2018-09-27 00:00:00,AR,RD,48 - 61 (6),27.09.2018,FELT-AR-RD,FELT-AR-RD,2019-09-01 14:15:20
ROUBAIX MY20,2018-09-27 00:00:00,ROUBAIX MY20,RD,49 - 64 (10),27.09.2018,SPE-RB20-RD,SPE-RB20-RD,2019-09-01 14:15:20
NKTT DISC,2018-09-27 00:00:00,NKTT Disc,TT,S - XL (4),27.09.2018,DIAM-NKTD-TT,DIAM-NKTD-TT,2019-09-01 14:15:20
PRP,2018-09-25 00:00:00,PRP,TR,SS - L (4),25.09.2018,BSC-PRP-TR,BSC-PRP-TR,2019-09-01 14:15:20
EMONDA ALR DISC,2018-09-18 00:00:00,Emonda ALR Disc,RD,47 - 64 (9),18.09.2018,TREK-054-RD,TREK-054-RD,2019-09-01 14:15:20
EMONDA ALR CALIPER,2018-09-18 00:00:00,Emonda ALR Caliper,RD,44 - 62 (9),18.09.2018,TREK-053-RD,TREK-053-RD,2019-09-01 14:15:20
RACE KANON,2018-09-13 00:00:00,Race Kanon,RD,44 - 54 (5),13.09.2018,KAZE-RKAN-RD,KAZE-RKAN-RD,2019-09-01 14:15:20
HOLDSWORTH ROI DE,2018-09-12 00:00:00,HOLDSWORTH Roi de, , , , , ,2019-09-01 14:15:20
SUPERSTAR DISC,2018-09-06 00:00:00,SUPERSTAR DISC,RD,XS - XL (5),06.09.2018,CINE-SUPD-RD,CINE-SUPD-RD,2019-09-01 14:15:20
PALTA,2018-09-06 00:00:00,PALTA,CX,450 - 580 (5),06.09.2018,BAS-PALT-CX,BAS-PALT-CX,2019-09-01 14:15:20
DIAMANTE 2019 DISC,2018-09-06 00:00:00,DIAMANTE 2019 DISC,RD,450 - 610 (7),06.09.2018,BAS-DIA5-RD,BAS-DIA5-RD,2019-09-01 14:15:20
AEROFLIGHT,2018-08-29 00:00:00,AEROFLIGHT,RD,XS - L (4),29.08.2018,YON-AERO-RD,YON-AERO-RD,2019-09-01 14:15:20
ZERO LTD,2018-08-20 00:00:00,ZERO LTD,RD,XS - XXL (6),20.08.2018,WIL-ZER3-RD,WIL-ZER3-RD,2019-09-01 14:15:20
HURU RIM,2018-08-17 00:00:00,HURU Rim,RD,XS - XL (5),17.08.2018,CHA2-HUR-RD,CHA2-HUR-RD,2019-09-01 14:15:20
HURU DISC,2018-08-17 00:00:00,HURU Disc,RD,XS - XL (5),17.08.2018,CHA2-HUD-RD,CHA2-HUD-RD,2019-09-01 14:15:20
INFINITO CV DISC,2018-08-17 00:00:00,INFINITO CV DISC,RD,470 - 610 (7),17.08.2018,BIAN-INF3-RD,BIAN-INF3-RD,2019-09-01 14:15:20
EUREKA AIR DISC,2018-08-16 00:00:00,EUREKA AIR DISC,RD,XXS - XL (6),16.08.2018,GUER-EU5-RD,GUER-EU5-RD,2019-09-01 14:15:20
F TEMPO,2018-08-13 00:00:00,F TEMPO,TT,500 - 560 (4),13.08.2018,FARA-FTP-TT,FARA-FTP-TT,2019-09-01 14:15:20
ULTRA TT,2018-07-16 00:00:00,ULTRA TT,RD,48 - 56 (5),16.07.2018,RIBB-ULTR-TT,RIBB-ULTR-TT,2019-09-01 14:15:20
RT01,2018-07-16 00:00:00,RT01,TT,XS - L (4),16.07.2018,GUST-RT01-TT,GUST-RT01-TT,2019-09-01 14:15:20
MAMBA R,2018-07-16 00:00:00,MAMBA R,RD,XS - XL (5),16.07.2018,CEEP-MAMB-RD,CEEP-MAMB-RD,2019-09-01 14:15:20
DIAMANTE 2019,2018-07-04 00:00:00,DIAMANTE 2019,RD,450 - 610 (7),04.07.2018,BAS-DIA4-RD,BAS-DIA4-RD,2019-09-01 14:15:20
INFLITE AL SLX R086,2018-07-04 00:00:00,One One Four SLX Disc F055,CANY-F055-CX, , , , ,2019-09-01 14:15:20
NS1,2018-07-03 00:00:00,NS1,RD,XS - XL (6),03.07.2018,VENT-NS1-RD,VENT-NS1-RD,2019-09-01 14:15:20
795 BLADE RS DISC,2018-06-14 00:00:00,795 Blade RS Disc,RD,XS - XL (5),14.06.2018,LOOK-795D-RD,LOOK-795D-RD,2019-09-01 14:15:20
OLTRE XR4 CV DISC,2018-06-14 00:00:00,OLTRE XR4 CV DISC,RD,47 - 61 (7),14.06.2018,BIAN-OL4D-RD,BIAN-OL4D-RD,2019-09-01 14:15:20
S3 RIM MY19,2018-06-06 00:00:00,FK61,RD,48 - 61 (6),06.06.2018,CERV-F122-RD,CERV-FK61-RD,2019-09-01 14:15:20
ZOLDER PRO,2018-05-30 00:00:00,ZOLDER PRO,CX,48 - 58 (6),30.05.2018,BIAN-ZOL2-CX,BIAN-ZOL2-CX,2019-09-01 14:15:20
SUPERSTAR CALIPER,2018-05-28 00:00:00,FUTURA Caliper,RD,XS - XL (5),28.05.2018,CINE-SUPC-RD,CINE-FUTC-RD,2019-09-01 14:15:20
PRC,2018-05-22 00:00:00,PRC,TR,S - L (3),22.05.2018,BSC-PRC-TR,BSC-PRC-TR,2019-09-01 14:15:20
TIME WARP TT,2018-05-18 00:00:00,Time WARP TT,TT,50-54-58,18.05.2018,MERI-TW2-TT,MERI-TW2-TT,2019-09-01 14:15:20
CENTO 1 NDR,2018-05-17 00:00:00,CENTO 1 NDR,RD,XS - XXL (6),17.05.2018,WIL-CE06-RD,WIL-CE06-RD,2019-09-01 14:15:20
CAYIN MY19,2018-05-14 00:00:00,CAYIN MY19,RD,440 - 510 (4),14.05.2018,VGL-CAY4-RD,VGL-CAY4-RD,2019-09-01 14:15:20
AIR 2018,2018-05-11 00:00:00,R7,RD,XS - XL (5),11.05.2018,BOAR-AIR2-RD,BOAR-AIR2-RD,2019-09-01 14:15:20
AJ62,2018-05-09 00:00:00,AJ-62,RD,45 - 50 (3),09.05.2018,WDN-AJ62-RD,WDN-AJ62-RD,2019-09-01 14:15:20
CAPELLA,2018-05-09 00:00:00,Capella, , , , , ,2019-09-01 14:15:20
TRANSONIC RIM,2018-05-08 00:00:00,TRANSONIC RIM,RD,46 - 61 (7),08.05.2018,FUJI-TRAR-RD,FUJI-TRAR-RD,2019-09-01 14:15:20
NITROGEN DISC,2018-05-07 00:00:00,NITROGEN DISC,RD,XS - XL (5),07.05.2018,AR18-NI02-RD,AR18-NI02-RD,2019-09-01 14:15:20
TTS02,2018-05-04 00:00:00,TTS02,TT,48 - 56 (5),04.05.2018,POD-TTS2-TT,POD-TTS2-TT,2019-09-01 14:15:20
REVELATOR SOLUS,2018-05-04 00:00:00,REVELATOR SOLUS, , , , , ,2019-09-01 14:15:20
MERX,2018-05-02 00:00:00,RD, , , ,RD, ,2019-09-01 14:15:20
SCORPION SL,2018-05-01 00:00:00,SCORPION SL,RD,48 - 60 (5),01.05.2018,HRIN-SCSL-RD,HRIN-SCSL-RD,2019-09-01 14:15:20
LION AERO,2018-04-20 00:00:00,LION AERO,RD,500 - 570 (4),20.04.2018,HRIN-LIAE-RD,HRIN-LIAE-RD,2019-09-01 14:15:20
ZERO DISC,2018-04-20 00:00:00,ZERO DISC,RD,XS - XL (5),20.04.2018,GEN-0DI-RD,GEN-0DI-RD,2019-09-01 14:15:20
AERIUM TT 19,2018-04-19 00:00:00,AERIUM TT 19,TT,XS - L (4),19.04.2018,CUBE-AE03-TT,CUBE-AE03-TT,2019-09-01 14:15:20
MADONE MY2019,2018-04-19 00:00:00,Madone MY2019, , , , , ,2019-09-01 14:15:20
S5 MY19,2018-04-17 00:00:00,FK60,RD,48 - 58 (5),17.04.2018,CERV-S503-RD,CERV-FK60-RD,2019-09-01 14:15:20
DEFYADV PRO MY19,2018-04-17 00:00:00, , , , , , ,2019-09-01 14:15:20
S3 DISC MY19,2018-04-17 00:00:00,FK59,RD,48 - 61 (6),17.04.2018,CERV-S3D2-RD,CERV-FK59-RD,2019-09-01 14:15:20
NOAH FAST DISC,2018-04-17 00:00:00,NOAH FAST DISC,RD,XS - XL (5),17.04.2018,RID-021-RD,RID-021-RD,2019-09-01 14:15:20
NOAH FAST,2018-04-17 00:00:00,NOAH FAST,RD,XS - XL (5),17.04.2018,RID-020-RD,RID-020-RD,2019-09-01 14:15:20
AIRMAN,2018-04-17 00:00:00,AIRMAN,TT,S - XL (4),17.04.2018,AUTH-AIR-TT,AUTH-AIR-TT,2019-09-01 14:15:20
BRAKE MY19  PROPEL,2018-04-17 00:00:00,brake MY19 / PROPEL, , , , , ,2019-09-01 14:15:20
MY19  ENVILIV ADV,2018-04-17 00:00:00,MY19 / ENVILIV Adv, , , , , ,2019-09-01 14:15:20
ELLIOT MY18,2018-04-16 00:00:00,ELLIOT MY18,RD,44 - 53 (5),16.04.2018,VGL-EL03-RD,VGL-EL03-RD,2019-09-01 14:15:20
TIMEMACHINE ROAD 1,2018-04-13 00:00:00,Timemachine Road 1,Timemachine Road 1 RD,47 - 61 (6),13.04.2018,BMC-TMRD-RD,BMC-TMRD-RD,2019-09-01 14:15:20
ORCA AERO DISC 18,2018-04-13 00:00:00,ORCA AERO DISC 18,RD,47 - 60 (7),13.04.2018,ORB-ORC8-RD,ORB-ORC8-RD,2019-09-01 14:15:20
TIMEMACHINE 1 DISC,2018-04-13 00:00:00,Timemachine 1 Disc,Timemachine 1 Disc TT,S - L (4),13.04.2018,BMC-023-TT,BMC-023-TT,2019-09-01 14:15:20
PRIME 4,2018-04-12 00:00:00,CRF-4,RD,440 - 580 (7),12.04.2018,BORA-PRI4-RD,BORA-PRI4-RD,2019-09-01 14:15:20
ALR 1 DISC,2018-04-11 00:00:00,ALR 1 Disc,TeamMachine Disc RD,47 - 60 (5),11.04.2018,BMC-ALRD-RD,BMC-SLRD-RD,2019-09-01 14:15:20
ALR 1 RIM,2018-04-11 00:00:00,ALR 1 Rim,TeamMachine RD,47 - 60 (5),11.04.2018,BMC-ALRR-RD,BMC-TEAM-RD,2019-09-01 14:15:20
AERO FLOW,2018-04-10 00:00:00,AERO FLOW,RD,420 - 580 (7),10.04.2018,LAMI-AEFL-RD,LAMI-AEFL-RD,2019-09-01 14:15:20
TRANSONIC DISC,2018-04-09 00:00:00,TRANSONIC DISC,RD,46 - 61 (7),09.04.2018,FUJI-TRAD-RD,FUJI-TRAD-RD,2019-09-01 14:15:20
TERE DISC,2018-04-05 00:00:00,TERE Disc,RD,495 - 575 (5),05.04.2018,CHA2-TEDI-RD,CHA2-TEDI-RD,2019-09-01 14:15:20
RERE DISC,2018-04-05 00:00:00,RERE Disc,RD,427 - 521 (5),05.04.2018,CHA2-REDI-RD,CHA2-REDI-RD,2019-09-01 14:15:20
795,2018-03-29 00:00:00,795F,RD,XS - XL (5),29.03.2018,LOOK-795-RD,LOOK-795F-RD,2019-09-01 14:15:20
M8  EOS,2018-03-28 00:00:00,M8 / EOS,RD,440 - 570 (5),28.03.2018,DIZO-M8ES-RD,DIZO-M8ES-RD,2019-09-01 14:15:20
FOCUS IZALCO DISC G3,2018-03-28 00:00:00,FOCUS Izalco Disc G3,RD,47 - 61 (7),28.03.2018,DCW-IZ05-RD,DCW-IZ05-RD,2019-09-01 14:15:20
REVELATOR ALTO,2018-03-28 00:00:00, , , , , , ,2019-09-01 14:15:20
CARBONEX DISC,2018-03-28 00:00:00,CARBONEX DISC,RD,XXS - M (4),28.03.2018,YON-CADI-RD,YON-CADI-RD,2019-09-01 14:15:20
BICYCLE 1,2018-03-22 00:00:00,Pista, , , , , ,2019-09-01 14:15:20
VIAL EVO,2018-03-22 00:00:00,VIAL evo,RD,SR - XL (7),22.03.2018,BENO-VIAE-RD,BENO-VIAE-RD,2019-09-01 14:15:20
BLACKBIRD,2018-03-21 00:00:00,BLACKBIRD,RD,47 - 58 (5),21.03.2018,AVNG-BB-RD,AVNG-BB-RD,2019-09-01 14:15:20
DOGMA K10S,2018-03-19 00:00:00,DOGMA K10S,RD,500 - 575 (6),19.03.2018,PINA-029-RD,PINA-029-RD,2019-09-01 14:15:20
ALPE DHUEZ 21,2018-03-19 00:00:00,TFP02,RD,S - M (2),19.03.2018,TIME-AH21-RD,TIME-TFP2-RD,2019-09-01 14:15:20
CC01,2018-03-19 00:00:00,CC01,CX,50 - 59 (5),19.03.2018,KUOT-CC01-CX,KUOT-CC01-CX,2019-09-01 14:15:20
TSR,2018-03-15 00:00:00,TSR+,TT,XXS - L (5),15.03.2018,DARE-TSR-TT,DARE-TSR-TT,2019-09-01 14:15:20
DIAMANTE SV DISC,2018-03-14 00:00:00,DIAMANTE SV disc,RD,45 - 61 (7),14.03.2018,BAS-DSVD-RD,BAS-DSVD-RD,2019-09-01 14:15:20
C64 DISC,2018-03-13 00:00:00,C64 DISC,RD,42s - 60s (9),13.03.2018,COLN-C64D-RD,COLN-C64D-RD,2019-09-01 14:15:20
XELIUS SL 2,2018-03-05 00:00:00,XELIUS SL 2,RD,46 - 61 (6),05.03.2018,LAPI-XSL2-RD,LAPI-XSL2-RD,2019-09-01 14:15:20
PROTOS MY2017,2018-02-27 00:00:00,PROTOS MY2017, , , , , ,2019-09-01 14:15:20
DOMANE SLR DISC,2018-02-25 00:00:00,Domane SLR Disc,RD,47 - 62 (8),25.02.2018,TREK-057-RD,TREK-057-RD,2019-09-01 14:15:20
DOMANE SL DISC,2018-02-25 00:00:00,Domane SL Disc,RD,47 - 62 (8),25.02.2018,TREK-056-RD,TREK-056-RD,2019-09-01 14:15:20
785 DISC,2018-02-21 00:00:00,785F Disc,RD,XS - XL (5),21.02.2018,LOOK-785D-RD,LOOK-785D-RD,2019-09-01 14:15:20
PRIDE,2018-02-21 00:00:00,PRIDE,RD,XXS - XL (6),21.02.2018,SIMP-PRID-RD,SIMP-PRID-RD,2019-09-01 14:15:20
HOLDSWORTH SUPER,2018-02-19 00:00:00,HOLDSWORTH Super, , , , , ,2019-09-01 14:15:20
FALCO 2,2018-02-16 00:00:00,FALCO 2,RD,43 - 58 (7),16.02.2018,JAVA-FAL2-RD,JAVA-FAL2-RD,2019-09-01 14:15:20
SCARLATTI MY18,2018-02-15 00:00:00,SCARLATTI MY18,RD,44 - 53 (5),15.02.2018,VGL-SCA2-RD,VGL-SCA2-RD,2019-09-01 14:15:20
T1 ENDURANCE,2018-02-15 00:00:00,T1 ENDURANCE,RD,47 - 59 (7),15.02.2018,BOT-T1EN-RD,BOT-T1EN-RD,2019-09-01 14:15:20
FUOCO TEAM CARBON,2018-02-15 00:00:00,Fuoco Team full Carbon,RD,47 - 60 (6),15.02.2018,BENO-FUTC-RD,BENO-FUTC-RD,2019-09-01 14:15:20
RD04,2018-02-12 00:00:00,RD04,RD,47 - 56 (4),12.02.2018,GUST-RD04-RD,GUST-RD04-RD,2019-09-01 14:15:20
TURBINE,2018-02-09 00:00:00,TURBINE,TT,S - L (3),09.02.2018,WIL-TURB-TT,WIL-TURB-TT,2019-09-01 14:15:20
ONE 2017 DISC,2018-02-07 00:00:00,FK-06,RD,46 - 61 (7),07.02.2018,FACT-ONE2-RD,FACT-ONE2-RD,2019-09-01 14:15:20
MISSION CROSS LITE,2018-02-07 00:00:00,Mission Cross Lite,CX,47 - 59 (5),07.02.2018,MERI-MICL-CX,MERI-MICC-CX,2019-09-01 14:15:20
MISSION CROSS CF,2018-02-07 00:00:00,Mission Cross CF,CX,47 - 59 (5),07.02.2018,MERI-MICC-CX,MERI-MICC-CX,2019-09-01 14:15:20
TT900,2018-01-29 00:00:00,TT900,TT,45 - 56 (5),29.01.2018,PYTH-TT9-TT,PYTH-TT9-TT,2019-09-01 14:15:20
RERE,2018-01-29 00:00:00,RERE,RD,427 - 521 (5),29.01.2018,CHA2-RERE-RD,CHA2-RERE-RD,2019-09-01 14:15:20
KUR22,2018-01-26 00:00:00,KUR22,RD,45 - 61 (7),26.01.2018,KUOT-KUR-RD,KUOT-KUR-RD,2019-09-01 14:15:20
ALLEZ SPRINT DISC,2018-01-26 00:00:00,ALLEZ SPRINT DISC,RD,49 - 61 (6),26.01.2018,SPE-ASD-RD,SPE-ASD-RD,2019-09-01 14:15:20
PHIBRA,2018-01-26 00:00:00,PHIBRA,RD,XS - XL (5),26.01.2018,POD-PHIB-RD,POD-PHIB-RD,2019-09-01 14:15:20
EMME 4 SUPERLIGHT,2018-01-25 00:00:00,EMME 4 Superlight,RD,44 - 57 (5),25.01.2018,BOT-EM4S-RD,BOT-EM4S-RD,2019-09-01 14:15:20
ALPE DHUEZ 1,2018-01-24 00:00:00,TFP02,RD,S - M (2),24.01.2018,TIME-AH1-RD,TIME-TFP2-RD,2019-09-01 14:15:20
S6,2018-01-24 00:00:00,S6,RD,440 - 570 (5),24.01.2018,DIZO-S6-RD,DIZO-S6-RD,2019-09-01 14:15:20
EUREKA TT,2018-01-17 00:00:00,EUREKA TT,TT,45 - 56 (5),17.01.2018,GUER-EU4-TT,GUER-EU4-TT,2019-09-01 14:15:20
TT 01,2018-01-16 00:00:00,TT 01,TT,500 - 560 (4),16.01.2018,SALC-TT01-TT,SALC-TT01-TT,2019-09-01 14:15:20
TR 01,2018-01-16 00:00:00,TR 01,TR,480 - 570 (4),16.01.2018,SALC-TR01-TR,SALC-TR01-TR,2019-09-01 14:15:20
369SSP,2018-01-15 00:00:00,6M06,RD,S - XL (4),15.01.2018,CKT-369S-RD,CKT-369S-RD,2019-09-01 14:15:20
FP03,2018-01-11 00:00:00,FP03,TR,S - XL (4),11.01.2018,S1N-FP03-TR,S1N-FP03-TR,2019-09-01 14:15:20
VENGE MY19,2018-01-09 00:00:00,VENGE MY19,RD,49 - 61 (7),09.01.2018,SPE-VE03-RD,SPE-VE03-RD,2019-09-01 14:15:20
TARMAC SL6 9R,2018-01-09 00:00:00,TARMAC SL6 9R,RD,44 - 61 (7),09.01.2018,SPE-TA05-RD,SPE-TA05-RD,2019-09-01 14:15:20
PRINCE,2018-01-08 00:00:00, , , , , , ,2019-09-01 14:15:20
PRINCE DISK,2018-01-08 00:00:00,PRINCE DISK /, , , , , ,2019-09-01 14:15:20
ZERO SL,2018-01-04 00:00:00,ZERO SL,RD,XS - XL (5),04.01.2018,GEN-0SL-RD,GEN-0SL-RD,2019-09-01 14:15:20
FASCENARIO.3,2018-01-03 00:00:00,Fascenario.3,RD,XS - XL (5),03.01.2018,STOR-FA3-RD,STOR-FA3-RD,2019-09-01 14:15:20
ONE 2017,2017-12-21 00:00:00,FK-02,RD,46 - 61 (7),21.12.2017,FACT-ONE-RD,FACT-ONE-RD,2019-09-01 14:15:20
C64,2017-12-19 00:00:00,C64,RD,42 - 60 (9),19.12.2017,COLN-C64-RD,COLN-C64-RD,2019-09-01 14:15:20
TT03,2017-12-12 00:00:00,TT-03,TT,534 - 575 (4),12.12.2017,DER-TT03-TT,DER-TT03-TT,2019-09-01 14:15:20
DOGMA K10,2017-11-30 00:00:00,DOGMA K10,RD,440 - 595 (10),30.11.2017,PINA-025-RD,PINA-025-RD,2019-09-01 14:15:20
DOGMA K10S DISK,2017-11-30 00:00:00,DOGMA K10S DISK,RD,440 - 595 (10),30.11.2017,PINA-026-RD,PINA-026-RD,2019-09-01 14:15:20
EUREKA AIR,2017-11-15 00:00:00,EUREKA AIR,RD,XS - XL (5),15.11.2017,GUER-EU2-RD,GUER-EU2-RD,2019-09-01 14:15:20
E740,2017-11-15 00:00:00,E740,RD,45 - 60 (6),15.11.2017,GUER-E740-RD,GUER-E740-RD,2019-09-01 14:15:20
EUREKA CX,2017-11-15 00:00:00,EUREKA CX,CX,49 - 58 (5),15.11.2017,GUER-EU3-CX,GUER-EU3-CX,2019-09-01 14:15:20
ATM,2017-10-18 00:00:00,ATM,RD,47 - 59 (5),18.10.2017,VINO-ATM-RD,VINO-ATM-RD,2019-09-01 14:15:20
TD01AIR,2017-10-18 00:00:00,TD01air,RD,47 - 57 (5),18.10.2017,POD-TD01-RD,POD-TD01-RD,2019-09-01 14:15:20
OLTRE XR3 DISC,2017-10-18 00:00:00,OLTRE XR3 DISC,RD,47 - 61 (7),18.10.2017,BIAN-OL3D-RD,BIAN-OL3D-RD,2019-09-01 14:15:20
STRIKER,2017-10-16 00:00:00,STRIKER,RD,43 - 55 (6),16.10.2017,TAOK-STRI-RD,TAOK-STRI-RD,2019-09-01 14:15:20
FUTURA CALIPER SL,2017-10-13 00:00:00,FUTURA CALIPER SL,RD,RK45-RK50 (2),13.10.2017,/,COLU-FCSL-RD,2019-09-01 14:15:20
T1500,2017-09-27 00:00:00,T1500,RD,410 - 550 (5),27.09.2017,WINS-T15-RD,WINS-T15-RD,2019-09-01 14:15:20
CAADX,2017-09-13 00:00:00,CAADX,CX,46 - 61 (6),13.09.2017,CANN-CA03-CX,CANN-CA03-CX,2019-09-01 14:15:20
CORSA DR 2018,2017-09-12 00:00:00,CORSA DR 2018,RD,S - XL (6),12.09.2017,AVNT-CDR2-RD,AVNT-CDR2-RD,2019-09-01 14:15:20
UNICORN,2017-09-12 00:00:00,UNICORN,RD,430 - 600 (7),12.09.2017,SPEX-UNI-RD,SPEX-UNI-RD,2019-09-01 14:15:20
FM01,2017-09-12 00:00:00,FK01,RD,49 - 61 (6),12.09.2017,HIA-FM01-RD,HIA-FK01-RD,2019-09-01 14:15:20
XRS 001,2017-09-08 00:00:00,XRS 001,RD,44 - 59 (7),08.09.2017,SALC-XRS1-RD,SALC-XRS1-RD,2019-09-01 14:15:20
XLITE 6_4,2017-09-05 00:00:00,X-LITE 6_4,RD,500 - 620 (6),05.09.2017,ROSE-XL04-RD,ROSE-XL04-RD,2019-09-01 14:15:20
FOIL DISC,2017-09-04 00:00:00,FOIL Disc,RD,47 - 61 (7),04.09.2017,SCOT-FOD-RD,SCOT-FOD-RD,2019-09-01 14:15:20
AERO MASTER,2017-08-18 00:00:00,AERO MASTER,TT,461 - 522 (4),18.08.2017,GIOS-AERM-TT,GIOS-AERM-TT,2019-09-01 14:15:20
MOTIVUS MAXIMUS,2017-08-16 00:00:00,MOTIVUS MAXIMUS, , , , , ,2019-09-01 14:15:20
STRADA,2017-08-15 00:00:00,FUNDI,RD,XS - XL (5),15.08.2017,3T-STR-RD,3T-STR-RD,2019-09-01 14:15:20
ARIA DISC,2017-08-14 00:00:00,ARIA Disc,RD,44 - 61 (8),14.08.2017,BIAN-ARD-RD,BIAN-ARD-RD,2019-09-01 14:15:20
AERO LITE,2017-08-11 00:00:00,AERO LITE,RD,480 - 560 (5),11.08.2017,GIOS-AERL-RD,GIOS-AERL-RD,2019-09-01 14:15:20
SPECTRE TRACK,2017-08-10 00:00:00,Columbus Pista Legera,TR,515 - 605 (8),10.08.2017,FEST-SPTR-TR,FEST-SPTR-TR,2019-09-01 14:15:20
SPECTRE,2017-08-10 00:00:00,Columbus Futura,RD,50 - 61 (12),10.08.2017,FEST-SPRD-RD,FEST-SPRD-RD,2019-09-01 14:15:20
CAVALIER,2017-08-10 00:00:00,CAVALIER,RD,450 - 580 (7),10.08.2017,JOHN-CAV-RD,JOHN-CAV-RD,2019-09-01 14:15:20
O2 DISC,2017-07-28 00:00:00,FK-05,RD,46 - 61 (7),28.07.2017,FACT-O2D-RD,FACT-O2D-RD,2019-09-01 14:15:20
XLITE 6_4 DISC,2017-07-27 00:00:00,X-LITE 6_4 Disc,RD,500 - 620 (6),27.07.2017,ROSE-XL03-RD,ROSE-XL03-RD,2019-09-01 14:15:20
INFLITE CF SLX DISC,2017-07-27 00:00:00,RD,CANY-F045-RD, , , , ,2019-09-01 14:15:20
NK1K DISC,2017-07-27 00:00:00,NK1K Disc,RD,XXS - XXL (7),27.07.2017,DIAM-NK1D-RD,DIAM-NK1D-RD,2019-09-01 14:15:20
SYSTEMSIX,2017-07-27 00:00:00,SYSTEMSIX,RD,47 - 62 (7),27.07.2017,CANN-SY6-RD,CANN-SY6-RD,2019-09-01 14:15:20
PRIME,2017-07-26 00:00:00,PRIME,RD,420 - 510 (6),26.07.2017,LA-PRI-RD,LA-PRI-RD,2019-09-01 14:15:20
ZX1 DISC,2017-07-26 00:00:00,ZX1 Disc,RD,49 - 60 (6),26.07.2017,VITU-ZX1D-RD,VITU-ZX1D-RD,2019-09-01 14:15:20
VITESSE EVO DISC,2017-07-26 00:00:00,Vitesse Evo Disc,RD,49 - 60 (6),26.07.2017,VITU-VIED-RD,VITU-VIED-RD,2019-09-01 14:15:20
875,2017-07-13 00:00:00,875F,TR,XS - XL (5),13.07.2017,LOOK-875-TR,LOOK-875-TR,2019-09-01 14:15:20
MARCELLO THP,2017-07-13 00:00:00,Marcello THP,TR,490 - 565 (4),13.07.2017,RAIK-THP-TR,RAIK-THP-TR,2019-09-01 14:15:20
RB1K THE ONE,2017-07-13 00:00:00,RB1K THE ONE,RD,XXS - XXL (7),13.07.2017,DIAM-RB1-RD,DIAM-RB1-RD,2019-09-01 14:15:20
DOMINUS,2017-07-13 00:00:00,DOMINUS,RD,430 - 550 (5),13.07.2017,JORB-DOM-RD,JORB-DOM-RD,2019-09-01 14:15:20
KRYPTON MY2018,2017-06-30 00:00:00,KRYPTON MY2018 /, , , , , ,2019-09-01 14:15:20
KRYPTON CS,2017-06-30 00:00:00,KRYPTON CS /, , , , , ,2019-09-01 14:15:20
REVELATOR LISSE,2017-06-21 00:00:00,F11 disc,RD,49 - 59 (5),21.06.2017,KTM-REV4-RD,KTM-F11D-RD,2019-09-01 14:15:20
EUREKA DX50,2017-06-20 00:00:00,EUREKA DX50,RD,S - XL (4),20.06.2017,GUER-EU1-RD,GUER-EU1-RD,2019-09-01 14:15:20
V2R RIM  DISC,2017-06-19 00:00:00,V2-R rim & disc,RD,420 - 580 (8),19.06.2017,COLN-V2R-RD,COLN-V2R-RD,2019-09-01 14:15:20
DOGMA F10 DISK,2017-06-19 00:00:00,DOGMA F10 Disk,RD,440 - 620 (11),19.06.2017,PINA-D10D-RD,PINA-D10D-RD,2019-09-01 14:15:20
SWOOP TRK,2017-06-15 00:00:00,SWOOP TRK,TR,S - L (3),15.06.2017,BOMA-SW-TR,BOMA-SW-TR,2019-09-01 14:15:20
AIR,2017-06-15 00:00:00,T9,RD,XXS - LG (5),15.06.2017,BOAR-AIR-RD,BOAR-T9-RD,2019-09-01 14:15:20
REVELATOR SKY,2017-06-15 00:00:00,F8 disc,RD,49 - 59 (5),15.06.2017,KTM-REV3-RD,KTM-F8D-RD,2019-09-01 14:15:20
TT,2017-05-31 00:00:00,TT,TT,S - XL (4),31.05.2017,JAMI-TT-TT,JAMI-TT-TT,2019-09-01 14:15:20
AERIUM TT 18,2017-05-29 00:00:00,Fork, , , , , ,2019-09-01 14:15:20
LIV LANGMA ADV,2017-05-18 00:00:00,LIVLangma Adv SL, , , , , ,2019-09-01 14:15:20
PROPEL ADV PRO DISC,2017-05-18 00:00:00, , , , , , ,2019-09-01 14:15:20
LIV LANGMA ADV SL,2017-05-18 00:00:00,LIV Langma Adv SL, , , , , ,2019-09-01 14:15:20
PROPEL ADV SL DISC,2017-05-18 00:00:00, , , , , , ,2019-09-01 14:15:20
LIV LANGMA ADV DISC,2017-05-18 00:00:00,LIV Langma Adv Disc, , , , , ,2019-09-01 14:15:20
CENTO10AIR DISC,2017-05-17 00:00:00,CENTO10AIR DISC /, , , , , ,2019-09-01 14:15:20
URGESTALT 2017,2017-04-20 00:00:00,URGESTALT 2017,RD,48 - 60 (6),20.04.2017,LW-UR17-RD,LW-UR17-RD,2019-09-01 14:15:20
TARMAC SL6,2017-04-20 00:00:00,TARMAC SL6,RD,44 - 61 (8),20.04.2017,SPE-TA03-RD,SPE-TA03-RD,2019-09-01 14:15:20
FUTURA CALIPER,2017-04-20 00:00:00,FUTURA CALIPER,RD,RK45-RK50 (2),20.04.2017,/,CINE-FUTC-RD,2019-09-01 14:15:20
TARMAC 18 DISC,2017-04-20 00:00:00,TARMAC 18 DISC,RD,44 -61 (8),20.04.2017,SPE-TA04-RD,SPE-TA04-RD,2019-09-01 14:15:20
BF115,2017-04-19 00:00:00,BF-115,RD,420 - 540 (5),19.04.2017,BEAC-115-RD,BEAC-115-RD,2019-09-01 14:15:20
K1 TRACK,2017-04-10 00:00:00,K1 Track,TR,S - L (3),10.04.2017,COLN-K1TR-TR,COLN-K1TR-TR,2019-09-01 14:15:20
TF2 AERO  DARDO,2017-04-10 00:00:00,REFLEX AERO,RD,41 - 58 (7),10.04.2017,FOND-TF2A-RD,FOND-TF2A-RD,2019-09-01 14:15:20
K1,2017-04-10 00:00:00,K1,TT,XS - L (4),10.04.2017,COLN-K1-TT,COLN-K1-TT,2019-09-01 14:15:20
G7 PRO,2017-04-06 00:00:00,G7 Pro,RD,XS - XL (5),06.04.2017,BHB-G7P-RD,BHB-G7P-RD,2019-09-01 14:15:20
AERO017,2017-04-05 00:00:00,AERO017,RD,48 - 54 (4),05.04.2017,HERS-AE17-RD,HERS-AE17-RD,2019-09-01 14:15:20
CCT TEAM,2017-04-05 00:00:00,CCT Team,RD,46 - 60 (6),05.04.2017,CORR-CCTT-RD,CORR-CCTT-RD,2019-09-01 14:15:20
BAYAMO 2,2017-03-29 00:00:00,BAYAMO 2,TT,480 - 560 (5),29.03.2017,NPR-BAY2-TT,NPR-BAY2-TT,2019-09-01 14:15:20
911 TEAM EDITION,2017-03-29 00:00:00,911 Team Edition,TT,450 - 560 (5),29.03.2017,OLMO-911T-TT,OLMO-911T-TT,2019-09-01 14:15:20
DAEDALUS,2017-03-29 00:00:00,AERLITE TT,TT,S - XL (4),29.03.2017,GAV-DAE-TT,GAV-DAE-TT,2019-09-01 14:15:20
HANSHI,2017-03-24 00:00:00,HANSHI,RD,440 - 610 (7),24.03.2017,MEMI-HAN-RD,MEMI-HAN-RD,2019-09-01 14:15:20
CRUX 18,2017-03-24 00:00:00,Crux 18,CX,46 - 61 (7),24.03.2017,SPE-CRU2-CX,SPE-CRU2-CX,2019-09-01 14:15:20
FINDER,2017-03-23 00:00:00,FINDER,RD,45 - 56 (6),23.03.2017,ROL-FIND-RD,ROL-FIND-RD,2019-09-01 14:15:20
AJ1,2017-03-23 00:00:00,AJ-1,RD,46.5 - 56 (4),23.03.2017,WDN-AJ1-RD,WDN-AJ1-RD,2019-09-01 14:15:20
RCA TEAM,2017-03-22 00:00:00,RCA Team,RD,470 - 570 (5),22.03.2017,GUST-RCAT-RD,GUST-RCAT-RD,2019-09-01 14:15:20
ORCA AERO 18,2017-03-22 00:00:00,ORCA AERO 18,RD,47 - 60 (7),22.03.2017,ORB-ORC7-RD,ORB-ORC7-RD,2019-09-01 14:15:20
ENDURACE AL DISC,2017-03-22 00:00:00, , , , , , ,2019-09-01 14:15:20
AIRCODE 2,2017-03-21 00:00:00,AIRCODE 2,RD,46 - 58 (5),21.03.2017,LAPI-AIR2-RD,LAPI-AIR2-RD,2019-09-01 14:15:20
FOUNDER,2017-02-28 00:00:00,PRT219_043,RD,49 - 61 (6),28.02.2017,HIA-FOU-RD,HIA-FOU-RD,2019-09-01 14:15:20
AERO1,2017-02-28 00:00:00,AERO-1,RD,45 - 58 (7),28.02.2017,PYTH-AER1-RD,PYTH-AER1-RD,2019-09-01 14:15:20
NOAH 7E0,2017-02-27 00:00:00,NOAH 7E0,RD,/,27.02.2017,/,RID-FNO-RD,2019-09-01 14:15:20
REACTO 3 CF4 RIM,2017-02-27 00:00:00,REACTO 3 CF4 Rim,RD,47 - 59 (6),27.02.2017,MERI-RE4R-RD,MERI-RE4R-RD,2019-09-01 14:15:20
REACTO 3 CF4 DISC,2017-02-27 00:00:00,REACTO 3 CF4 Disc,RD,47 - 59 (6),27.02.2017,MERI-RE4D-RD,MERI-RE4D-RD,2019-09-01 14:15:20
REACTO 3 CF2 RIM,2017-02-27 00:00:00,REACTO 3 CF2 Rim,RD,440 - 590 (7),27.02.2017,MERI-RE2R-RD,MERI-RE2R-RD,2019-09-01 14:15:20
REACTO 3 CF2 DISC,2017-02-27 00:00:00,REACTO 3 CF2 Disc,RD,440 - 590 (7),27.02.2017,MERI-RE2D-RD,MERI-RE2D-RD,2019-09-01 14:15:20
IMPERIALE,2017-02-21 00:00:00,IMPERIALE,RD,48 - 56 (5),21.02.2017,GAV-IMP-RD,GAV-IMP-RD,2019-09-01 14:15:20
CRONOTHLON,2017-02-21 00:00:00,CRONOTHLON,TT,450 - 560 (5),21.02.2017,BOT-CRO-TT,BOT-CRO-TT,2019-09-01 14:15:20
SUPER PRESTIGE MY18,2017-02-15 00:00:00,Super Prestige MY18,CX,50 - 60 (6),15.02.2017,STEV-SPR3-CX,STEV-SPR3-CX,2019-09-01 14:15:20
ARCALIS DISC,2017-02-15 00:00:00,Arcalis Disc,RD,50 - 62 (7),15.02.2017,STEV-ARCD-RD,STEV-ARCD-RD,2019-09-01 14:15:20
SUPREME,2017-02-14 00:00:00,SUPREME,RD,450 - 590 (8),16.12.2013,JORB-SUP-RD,JORB-SUP-RD,2019-09-01 14:15:20
CENTO 10 NDR,2017-02-14 00:00:00,CENTO 10 NDR,RD,XS - XXL (6),14.02.2017,WIL-C10N-RD,WIL-C10N-RD,2019-09-01 14:15:20
FLITE MSD800 DY17,2017-02-14 00:00:00,Flite MSD800 DY17, , , , , ,2019-09-01 14:15:20
SYNAPSE HIMOD,2017-02-13 00:00:00,SYNAPSE HiMod, , , , , ,2019-09-01 14:15:20
CAAD12 RIM,2017-02-13 00:00:00,CAAD12 Rim,RD,44 - 63 (9),13.02.2017,CANN-CAR-RD,CANN-CAR-RD,2019-09-01 14:15:20
CAAD12 DISC,2017-02-13 00:00:00,CAAD12 Disc,RD,44 - 63 (9),13.02.2017,CANN-CAD-RD,CANN-CAD-RD,2019-09-01 14:15:20
SYNAPSE MY18,2017-02-13 00:00:00,SYNAPSE MY18,RD,44 - 61 (7),13.02.2017,CANN-S2-RD,CANN-S2-RD,2019-09-01 14:15:20
SYNAPSE CARBON,2017-02-13 00:00:00,SYNAPSE Carbon, , , , , ,2019-09-01 14:15:20
THRESHOLD MK3,2017-02-10 00:00:00,THRESHOLD MK3,CX,48 - 60.5 (6),10.02.2017,NORC-THR3-CX,NORC-THR3-CX,2019-09-01 14:15:20
ROUBAIX 17 RIM,2017-02-08 00:00:00,ROUBAIX 17 RIM,RD,52 - 60 (5),08.02.2017,SPE-R17R-RD,SPE-R17R-RD,2019-09-01 14:15:20
VELOCE ZEROUNO,2017-02-07 00:00:00,VELOCE ZEROUNO,RD,470 - 580 (5),07.02.2017,OLMO-VEL-RD,OLMO-VEL-RD,2019-09-01 14:15:20
NAZARE 4,2017-01-19 00:00:00,NAZARE 4,RD,XS - XL (5),19.01.2017,NPR-NAZ4-RD,NPR-NAZ4-RD,2019-09-01 14:15:20
SLICK,2017-01-19 00:00:00,SLICK,TT,S - XL (4),19.01.2017,FACT-SLI-TT,FACT-SLI-TT,2019-09-01 14:15:20
R5 DISC BRAKE VERSION,2017-01-17 00:00:00,FK53,RD,48 - 61 (6),17.01.2017,CERV-F117-RD,CERV-FK53-RD,2019-09-01 14:15:20
R3 RIM BRAKE VERSION,2017-01-17 00:00:00,R3 rim brake version /, , , , , ,2019-09-01 14:15:20
R3 DISC BRAKE VERSION,2017-01-17 00:00:00,FK54,RD,48 - 61 (6),17.01.2017,CERV-F118-RD,CERV-FK54-RD,2019-09-01 14:15:20
REBUS,2017-01-16 00:00:00,REBUS,RD,S - XL (4),16.01.2017,DOL-REBU-RD,DOL-REBU-RD,2019-09-01 14:15:20
R5 RIM BRAKE VERSION,2017-01-06 00:00:00,FK55,RD,48 - 61 (6),06.01.2017,CERV-F120-RD,CERV-FK55-RD,2019-09-01 14:15:20
WAWS1,2017-01-05 00:00:00,WAWS-1,RD,XS - L (4),05.01.2017,WIA-WA1-RD,WIA-WA1-RD,2019-09-01 14:15:20
RGF16,2016-12-22 00:00:00,RGF16,RD,XS - XL (5),22.12.2016,BTWI-RG16-RD,BTWI-RG16-RD,2019-09-01 14:15:20
ALUR18,2016-12-22 00:00:00,ALUR18,RD,XS - XL (5),22.12.2016,BTWI-AL18-RD,BTWI-AL18-RD,2019-09-01 14:15:20
STINGER,2016-12-21 00:00:00,STINGER, , , , , ,2019-09-01 14:15:20
T2 DOPPIA CORSA,2016-12-21 00:00:00,T2 DOPPIA CORSA,RD,440 - 570 (5),21.12.2016,BOT-T2DO-RD,BOT-T2DO-RD,2019-09-01 14:15:20
PULSIUM MY18,2016-12-15 00:00:00,PULSIUM MY18,RD,46 - 58 (5),15.12.2016,LAPI-PU2-RD,LAPI-PU2-RD,2019-09-01 14:15:20
DOMANE AL,2016-12-15 00:00:00,Domane ISO speed,RD,44 - 62 (9),15.12.2016,TREK-047-RD,TREK-047-RD,2019-09-01 14:15:20
CROCKETT MY2018 DISC,2016-12-15 00:00:00,carbon disc, , , , , ,2019-09-01 14:15:20
DOMANE SL MY2018,2016-12-15 00:00:00,"ISO Speed full carbon,", , , , , ,2019-09-01 14:15:20
EMONDA SLR MY2018,2016-12-15 00:00:00,EMONDA SLR MY2018, , , , , ,2019-09-01 14:15:20
XNIGHT DISC 7E1,2016-12-14 00:00:00, , , , , , ,2019-09-01 14:15:20
OLTRE XR3,2016-12-13 00:00:00,OLTRE XR3,RD,470 - 610 (7),13.12.2016,BIAN-OL3-RD,BIAN-OL3-RD,2019-09-01 14:15:20
ARIA,2016-12-13 00:00:00,ARIA,RD,440 - 610 (8),13.12.2016,BIAN-ARIA-RD,BIAN-ARIA-RD,2019-09-01 14:15:20
COMET  XENON,2016-12-12 00:00:00,Comet / Xenon,RD,50 - 60 (6),12.12.2016,STEV-CO-RD,STEV-CO-RD,2019-09-01 14:15:20
COMETXENON DISC 17,2016-12-12 00:00:00,Comet/Xenon Disc 17,RD,50 - 60 (6),12.12.2016,STEV-COD2-RD,STEV-COD2-RD,2019-09-01 14:15:20
TERE,2016-12-12 00:00:00,TERE,RD,495 - 575 (5),12.12.2016,CHA2-TERE-RD,CHA2-TERE-RD,2019-09-01 14:15:20
ORCA OMR DISC 17,2016-12-08 00:00:00,ORCA OMR DISC 17,RD,47 - 60 (7),08.12.2016,ORB-ORC6-RD,ORB-ORC6-RD,2019-09-01 14:15:20
ENDURACE WMN AL,2016-11-24 00:00:00,RD,CANY-F042-RD, , , , ,2019-09-01 14:15:20
TEAMMACHINE DISC,2016-11-24 00:00:00,Teammachine Disc,Teammachine Disc RD,47 - 61 (6),24.11.2016,BMC-SLRD-RD,BMC-SLRD-RD,2019-09-01 14:15:20
TEAMMACHINE RIM,2016-11-24 00:00:00,Teammachine Rim,Teammachine Rim RD,47 - 61 (6),24.11.2016,BMC-SLRR-RD,BMC-SLRR-RD,2019-09-01 14:15:20
SUPERSLICE DISC  RIM,2016-11-17 00:00:00,SuperSlice disc & rim,TT,50 - 58 (5),17.11.2016,CANN-SSLI-TT,CANN-SSLI-TT,2019-09-01 14:15:20
VOLANT,2016-10-31 00:00:00,VOLANT,RD,XXS - M (4),31.10.2016,INF-VOL-RD,INF-VOL-RD,2019-09-01 14:15:20
HELIUM SLX,2016-10-31 00:00:00,Helium SLX, , , , , ,2019-09-01 14:15:20
LEGGERO MY 2017,2016-10-27 00:00:00,LEGGERO MY 2017,RD,46 - 61 (6),27.10.2016,COND-L2-RD,COND-L2-RD,2019-09-01 14:15:20
LEGGERO SL MY 2017,2016-10-27 00:00:00,LEGGERO SL MY 2017,RD,46 - 61 (6),27.10.2016,COND-L2SL-RD,COND-L2SL-RD,2019-09-01 14:15:20
BOSON DISC,2016-10-26 00:00:00,BOSON DISC,RD,49 - 61 (5),26.10.2016,ISA-BOS-RD,ISA-BOS-RD,2019-09-01 14:15:20
BOSON,2016-10-26 00:00:00,BOSON,RD,49 - 61 (5),26.10.2016,ISA-BOS-RD,ISA-BOS-RD,2019-09-01 14:15:20
GALLIUM PRO CALIPER,2016-10-25 00:00:00, , , , , , ,2019-09-01 14:15:20
AR01,2016-10-03 00:00:00,CM58,RD,XS - XL (5),03.10.2016,POD-AR01-RD,POD-AR01-RD,2019-09-01 14:15:20
ENDURACE WMN CFSL,2016-09-29 00:00:00,RD,CANY-F38-RD, , , , ,2019-09-01 14:15:20
CORSA SL DISC,2016-09-29 00:00:00,CORSA SL DISC,RD,S - XL (6),29.09.2016,AVNT-CSLD-RD,AVNT-CSLD-RD,2019-09-01 14:15:20
ULTIMATE WMN CFSLX,2016-09-29 00:00:00,RD,CANY-F38-RD, , , , ,2019-09-01 14:15:20
ADDICT DISC,2016-09-28 00:00:00,ADDICT DISC,RD,47 - 61 (7),28.09.2016,SCOT-ADDC-RD,SCOT-ADDC-RD,2019-09-01 14:15:20
ROAD1,2016-09-27 00:00:00,Road1,RD,48 - 58 (5),27.09.2016,FARA-RD1-RD,FARA-RD1-RD,2019-09-01 14:15:20
DOGMA F8 DISK,2016-09-26 00:00:00,DOGMA F8 DISK,RD,440 - 620 (11),26.09.2016,PINA-DF8D-RD,PINA-DF8D-RD,2019-09-01 14:15:20
GAN DISK,2016-09-26 00:00:00,GAN DISK,RD,425 - 595 (14),26.09.2016,PINA-GAD-RD,PINA-GAD-RD,2019-09-01 14:15:20
GAN K DISK,2016-09-26 00:00:00,GAN K DISK,RD,425 - 590 (7),26.09.2016,PINA-GAKD-RD,PINA-GAKD-RD,2019-09-01 14:15:20
DOGMA K8S DISK,2016-09-26 00:00:00,DOGMA K8-S DISK,RD,440 - 595 (10),26.09.2016,PINA-K8SD-RD,PINA-K8SD-RD,2019-09-01 14:15:20
GALLIUM PRO DISC,2016-09-21 00:00:00, , , , , , ,2019-09-01 14:15:20
DIAMANTE SV,2016-09-08 00:00:00,DIAMANTE SV,RD,45 - 61 (7),08.09.2016,BAS-DISV-RD,BAS-DISV-RD,2019-09-01 14:15:20
LITENING DISC 17,2016-08-31 00:00:00,LITENING DISC 17, , , , , ,2019-09-01 14:15:20
CAYIN MKIII,2016-08-29 00:00:00,CAYIN MKIII,RD,440 - 530 (5),29.08.2016,VGL-CAY3-RD,VGL-CAY3-RD,2019-09-01 14:15:20
SOLAIR MY2017,2016-08-29 00:00:00,SOLAIR MY2017,RD,440 - 530 (5),29.08.2016,VGL-SO17-RD,VGL-SO17-RD,2019-09-01 14:15:20
SCARLATTI,2016-08-29 00:00:00,SCARLATTI,RD,440 - 530 (5),29.08.2016,VGL-SCAR-RD,VGL-SCAR-RD,2019-09-01 14:15:20
DOGMA F10,2016-08-29 00:00:00,Dogma F10, , , , , ,2019-09-01 14:15:20
BOONE CYCLOCROSS,2016-08-25 00:00:00,ISO Speed cross, , , , , ,2019-09-01 14:15:20
SUPERX,2016-08-18 00:00:00,SuperX,CX,46 - 61 (6),18.08.2016,CANN-SUPX-CX,CANN-SUPX-CX,2019-09-01 14:15:20
R10,2016-08-18 00:00:00,R10,RD,XS - L (4),18.08.2016,RID-R10-RD,RID-R10-RD,2019-09-01 14:15:20
XTRAIL,2016-08-18 00:00:00,X-TRAIL,RD,XXS - XL (6),18.08.2016,RID-XTR-RD,RID-XTR-RD,2019-09-01 14:15:20
ULTIMATE AL SLX R33,2016-08-17 00:00:00, , , , , , ,2019-09-01 14:15:20
785,2016-08-11 00:00:00,785F,RD,XS - XL (5),11.08.2016,LOOK-785-RD,LOOK-785-RD,2019-09-01 14:15:20
FR,2016-07-29 00:00:00,FR,RD,43 - 61 (7),29.07.2016,FELT-FR-RD,FELT-FR-RD,2019-09-01 14:15:20
TXT SR,2016-07-29 00:00:00,TXT SR,TR,XS - L (4),29.07.2016,WIA-TXSR-TR,WIA-TXSR-TR,2019-09-01 14:15:20
FR DISC,2016-07-29 00:00:00,FR Disc,RD,43 - 61 (7),29.07.2016,FELT-FRD-RD,FELT-FRD-RD,2019-09-01 14:15:20
TD054S,2016-07-29 00:00:00,TR,L - XXL (2), , , , ,2019-09-01 14:15:20
CONCEPT,2016-07-26 00:00:00,CONCEPT,RD,42s - 58s (8),26.07.2016,COLN-CONC-RD,COLN-CONC-RD,2019-09-01 14:15:20
RAN RS,2016-07-06 00:00:00,K-21,RD,XS - XL (5),06.07.2016,DEDA-RARS-RD,DEDA-RARS-RD,2019-09-01 14:15:20
ARENA TT,2016-06-29 00:00:00,ARENA TT,TR,51 - 53 (3),29.06.2016,RID-ARTT-TR,RID-ARTT-TR,2019-09-01 14:15:20
T9,2016-06-29 00:00:00,T9,TR,510 - 580 (4),29.06.2016,PARD-T9-TR,PARD-T9-TR,2019-09-01 14:15:20
DEAN MY 2016,2016-06-29 00:00:00,DEAN MY 2016,TT,XXS - L (5),29.06.2016,RID-DE16-TT,RID-DE16-TT,2019-09-01 14:15:20
AEROFLYER,2016-06-29 00:00:00,AEROFLYER,TT,S - L (3),29.06.2016,ROSE-AERO-TT,ROSE-AERO-TT,2019-09-01 14:15:20
P7 TT,2016-06-29 00:00:00,P7 TT,TT,500 - 560 (4),29.06.2016,PARD-P7-TT,PARD-P7-TT,2019-09-01 14:15:20
ORCA RIM BRAKE,2016-06-21 00:00:00,ORCA RIM BRAKE,RD,47 - 60 (7),21.06.2016,ORB-ORC5-RD,ORB-ORC5-RD,2019-09-01 14:15:20
LIGERO,2016-05-31 00:00:00,LIGERO,RD,XXS - L (5),31.05.2016,WIA-LIG-RD,WIA-LIG-RD,2019-09-01 14:15:20
TXT,2016-05-31 00:00:00,TXT,TR,XS - L (4),31.05.2016,WIA-TXT-TR,WIA-TXT-TR,2019-09-01 14:15:20
S3 DISC,2016-05-30 00:00:00,RD,CERV-FK52-RD, , , , ,2019-09-01 14:15:20
MR1S,2016-05-30 00:00:00,MR1S,RD,450 - 610 (7),30.05.2016,DARE-MR1S-RD,DARE-MR1S-RD,2019-09-01 14:15:20
ELECTRON PRO,2016-05-26 00:00:00,ELECTRON PRO,TR,XXS - L (5),26.05.2016,AR18-ELP-TR,AR18-ELP-TR,2019-09-01 14:15:20
RUBY,2016-05-19 00:00:00,RUBY,RD,48 - 58 (5),19.05.2016,SPE-RUBY-RD,SPE-RUBY-RD,2019-09-01 14:15:20
V1R DISC,2016-05-19 00:00:00,V1-R Disc,RD,420 - 580 (8),19.05.2016,COLN-V1RD-RD,COLN-V1RD-RD,2019-09-01 14:15:20
DOMANE ALR CALIPER,2016-05-19 00:00:00,Fork Composite, , , , , ,2019-09-01 14:15:20
R890 NEW SUPER,2016-05-19 00:00:00,R890 NEW SUPER, , , , , ,2019-09-01 14:15:20
B16,2016-05-17 00:00:00,B16,TR,XS - L (4),17.05.2016,FES-B16-TR,FES-B16-TR,2019-09-01 14:15:20
LUGANO 68,2016-05-17 00:00:00,LUGANO 68,TT,S - XL (4),17.05.2016,EMC-LU68-TT,EMC-LU68-TT,2019-09-01 14:15:20
B16TT,2016-05-17 00:00:00,B16-TT,TR,B16-5 (1),17.05.2016,FES-B16T-TR,FES-B16T-TR,2019-09-01 14:15:20
BOLIDE TT,2016-05-13 00:00:00,BOLIDE TT,TT,450 - 550 (4),13.05.2016,PINA-BOTT-TT,PINA-BOTT-TT,2019-09-01 14:15:20
ROUBAIX 17,2016-05-12 00:00:00,ROUBAIX 17,RD,49 - 64 (12),12.05.2016,SPE-RB17-RD,SPE-RB17-RD,2019-09-01 14:15:20
G7 DISC,2016-04-22 00:00:00,G7 Disc,RD,54 - 58 (4),22.04.2016,BHB-G7D-RD,BHB-G7D-RD,2019-09-01 14:15:20
AVANT OMP 17,2016-04-22 00:00:00,AVANT OMP 17,RD,47 - 60 (7),22.04.2016,ORB-AV17-RD,ORB-AV17-RD,2019-09-01 14:15:20
NOAH SL DISC,2016-04-22 00:00:00,Noah SL Disc,RD,XXS - L (5),22.04.2016,RID-NSLD-RD,RID-NSLD-RD,2019-09-01 14:15:20
FENIX SL DISC,2016-04-22 00:00:00,Fenix SL Disc, , , , , ,2019-09-01 14:15:20
VENGE VIAS DISC,2016-04-22 00:00:00,VENGE VIAS DISC,RD,49 - 61 (8),22.04.2016,SPE-VEVD-RD,SPE-VEVD-RD,2019-09-01 14:15:20
AEROAD CF SLX DISC,2016-04-21 00:00:00, , , , , , ,2019-09-01 14:15:20
RL8 MY 2017,2016-04-21 00:00:00,RL8 MY 2017, , , , , ,2019-09-01 14:15:20
VENTOX.3,2016-04-21 00:00:00,VentoX.3,RD,50 - 58 (5),21.04.2016,ALEO-VEX3-RD,ALEO-VEX3-RD,2019-09-01 14:15:20
DOMANE ALR DISC,2016-04-21 00:00:00,ISO SPEED FULL, , , , , ,2019-09-01 14:15:20
MARCELLO LEGGERO,2016-04-20 00:00:00,HP3,RD,45 - 61 (7),20.04.2016,RAIK-MAL-RD,RAIK-HP3-RD,2019-09-01 14:15:20
GIRO C,2016-04-20 00:00:00,GIRO C,RD,50.5 - 60 (7),20.04.2016,AVNT-GIC-RD,AVNT-GIC-RD,2019-09-01 14:15:20
ERAKLE AIR,2016-04-20 00:00:00,CM58,RD,XS - XL (5),20.04.2016,POD-ERA-RD,POD-ERA-RD,2019-09-01 14:15:20
TIMEMACHINE 2,2016-04-18 00:00:00,Timemachine 2,Timemachine 2 TT,S - L (4),18.04.2016,BMC-TIM2-TT,BMC-TIM2-TT,2019-09-01 14:15:20
HELIOS L SERIES,2016-04-18 00:00:00,Helios L,RD,465 - 600 (6),18.04.2016,PTIS-HELS-RD,PTIS-HELS-RD,2019-09-01 14:15:20
SPEEDMAX CF R41,2016-04-18 00:00:00,F39,TT,XS-XL (5),18.04.2016,CANY-R41-TT,CANY-F39-TT,2019-09-01 14:15:20
Z112,2016-04-18 00:00:00,Z112,TT,45 - 56 (5),18.04.2016,ZAN-Z112-TT,ZAN-Z112-TT,2019-09-01 14:15:20
Z82,2016-04-08 00:00:00,Z82,RD,45 - 58 (6),08.04.2016,ZAN-Z82-RD,ZAN-Z82-RD,2019-09-01 14:15:20
C5 AERO,2016-04-08 00:00:00,C5 Aero,RD,480 - 580 (5),08.04.2016,PARD-C5A-RD,PARD-C5A-RD,2019-09-01 14:15:20
SUPERSIX EVO 2 DISC,2016-04-07 00:00:00,SuperSix EVO 2 Disc,RD,44 - 63 (9),07.04.2016,CANN-SE2D-RD,CANN-SE2D-RD,2019-09-01 14:15:20
SL DISC,2016-04-07 00:00:00,SL Disc,RD,460 - 610 (7),07.04.2016,FUJI-SLDI-RD,FUJI-SLDI-RD,2019-09-01 14:15:20
SYNAPSE DISC,2016-04-07 00:00:00,Synapse Disc,RD,48 - 61 (6),07.04.2016,CANN-SYDI-RD,CANN-SYDI-RD,2019-09-01 14:15:20
QRL,2016-04-06 00:00:00,QRL,RD,S - XL (5),06.04.2016,QUIN-QRL-RD,QUIN-QRL-RD,2019-09-01 14:15:20
KAPP,2016-04-06 00:00:00,KAPP,RD,450 - 600 (8),06.04.2016,NOR-KAPP-RD,NOR-KAPP-RD,2019-09-01 14:15:20
AXINO,2016-03-30 00:00:00,AXINO,RD,48 - 54 (3),30.03.2016,BLUE-AXI-RD,BLUE-AXI-RD,2019-09-01 14:15:20
OLTRE XR4 CV,2016-03-23 00:00:00,OLTRE XR4 CV,RD,440 - 610 (8),23.03.2016,BIAN-OL4-RD,BIAN-OL4-RD,2019-09-01 14:15:20
ADRENALINE SL,2016-03-23 00:00:00, , , , , , ,2019-09-01 14:15:20
EM525 DISC,2016-03-23 00:00:00,EM525 disc,RD,XS - XL (5),23.03.2016,EMC-525D-RD,EMC-525D-RD,2019-09-01 14:15:20
DEFY ADV SL DISC,2016-03-22 00:00:00,RD,XS - XL (6),XS - XL (6), , , ,2019-09-01 14:15:20
SOLACE,2016-03-18 00:00:00,Solace,RD,49 - 58 (5),18.03.2016,SCOT-SOL-RD,SCOT-SOL-RD,2019-09-01 14:15:20
ORCA OME 17,2016-03-14 00:00:00,ORCA OME 17,RD,47 - 60 (7),14.03.2016,ORB-ORC4-RD,ORB-ORC4-RD,2019-09-01 14:15:20
REACTO LITE,2016-03-14 00:00:00,REACTO LITE,RD,470 - 590 (6),14.03.2016,MERI-RELI-RD,MERI-RELI-RD,2019-09-01 14:15:20
REACTO TRACK,2016-03-14 00:00:00,REACTO TRACK,TR,47 - 59 (6),14.03.2016,MERI-RETR-TR,MERI-RETR-TR,2019-09-01 14:15:20
SCULTURA LITE 4,2016-03-14 00:00:00,SCULTURA LITE 4,RD,440 - 590 (7),14.03.2016,MERI-SCL4-RD,MERI-SCL4-RD,2019-09-01 14:15:20
SCULTURA LITE DISC,2016-03-14 00:00:00,SCULTURA LITE DISC,RD,440 - 590 (7),14.03.2016,MERI-SCLD-RD,MERI-SCLD-RD,2019-09-01 14:15:20
ULTIMATE CF SL DISC,2016-02-26 00:00:00, , , , , , ,2019-09-01 14:15:20
ULTIMATE CF SLX DISC,2016-02-26 00:00:00, , , , , , ,2019-09-01 14:15:20
ENDURACE CF SLX R36,2016-02-25 00:00:00,One One Four SLX Disc F38,RD,XXS - XXL (7),25.02.2016,CANY-R36-RD,CANY-F38-RD,2019-09-01 14:15:20
ENDURACE CF SL R054,2016-02-25 00:00:00,One One Four SLX Disc F38,RD,XXS - XXL (7),25.02.2016,CANY-R054-RD,CANY-F38-RD,2019-09-01 14:15:20
TACTIC DISC,2016-02-24 00:00:00,TACTIC DISC,RD,48 - 60.5 (6),24.02.2016,NORC-TADI-RD,NORC-TADI-RD,2019-09-01 14:15:20
TF1,2016-02-24 00:00:00,STR01,RD,XXS - XXL (7),24.02.2016,FOND-TF1-RD,FOND-TF1-RD,2019-09-01 14:15:20
XEON CW,2016-02-23 00:00:00,XEON CW, , , , , ,2019-09-01 14:15:20
LAILAPS,2016-02-23 00:00:00,RD,MTOO-LAIL-RD,MTOO-LAIL-RD, , , ,2019-09-01 14:15:20
XEON CRS,2016-02-22 00:00:00,XEON CRS, , , , , ,2019-09-01 14:15:20
QICYCLE R1,2016-02-22 00:00:00,Qicycle R1,RD,S - L (3),22.02.2016,IRID-QR1-RD,IRID-QR1-RD,2019-09-01 14:15:20
PISTA PURSUIT,2016-02-17 00:00:00,Pista Pursuit,TR,XS-S - XL (4),17.02.2016,AVNT-PIPU-TR,AVNT-PIPU-TR,2019-09-01 14:15:20
CTIME,2016-02-17 00:00:00,C-Time,TT,520 - 560 (3),17.02.2016,CORR-CTIM-TT,CORR-CTIM-TT,2019-09-01 14:15:20
TA FRD,2016-02-17 00:00:00,TA FRD,TR,55,17.02.2016,FELT-TAFR-TR,FELT-TAFR-TR,2019-09-01 14:15:20
TD054,2016-01-28 00:00:00,TR,XS - XXL (6), , , , ,2019-09-01 14:15:20
TIMEMACHINE 1,2016-01-28 00:00:00,Timemachine 1,Timemachine 1 TT,S - L (4),28.01.2016,BMC-TIM1-TT,BMC-TIM1-TT,2019-09-01 14:15:20
O2,2016-01-28 00:00:00,FK-03,RD,49 - 61 (6),28.01.2016,FACT-O2-RD,FACT-O2-RD,2019-09-01 14:15:20
CENTO10AIR,2016-01-20 00:00:00,CENTO10AIR /, , , , , ,2019-09-01 14:15:20
Kimera Track Fork,2016-01-20 00:00:00,Kimera Track Fork,TR,/,20.01.2016,/,KOGA-KIM-TR,2019-09-01 14:15:20
TCR ADV SL DISC MY17,2016-01-19 00:00:00,TCR Adv SL disc MY17,RD,XS - XL (6),19.01.2016,GIAN-RS17-RD,GIAN-RS17-RD,2019-09-01 14:15:20
TCR ADV PRO DISC,2016-01-19 00:00:00, , , , , , ,2019-09-01 14:15:20
TARMAC DISC,2016-01-19 00:00:00,TARMAC DISC,RD,49 - 60 (6),19.01.2016,SPE-TADI-RD,SPE-TADI-RD,2019-09-01 14:15:20
ECLIPSE 6414,2016-01-14 00:00:00,ECLIPSE 64-14,RD,XS - XL (5),14.01.2016,GUER-ECL-RD,GUER-ECL-RD,2019-09-01 14:15:20
SCULTURA DISC CF4,2015-12-18 00:00:00,EGM-FK-18,RD,440 - 590 (7),18.12.2015,MERI-SCD4-RD,MERI-SCD4-RD,2019-09-01 14:15:20
SCULTURA DISC CF2,2015-12-18 00:00:00,FK-CF1638D,RD,440 - 590 (7),18.12.2015,MERI-SCD2-RD,MERI-SCD2-RD,2019-09-01 14:15:20
SCULTURA CF2,2015-12-18 00:00:00,FK-CF1638,RD,440 - 590 (7),18.12.2015,MERI-SCU2-RD,MERI-SCU2-RD,2019-09-01 14:15:20
ULTRA,2015-12-11 00:00:00,ULTRA,TR,51 - 61 (6),11.12.2015,BT-ULT-TR,BT-ULT-TR,2019-09-01 14:15:20
OMNIUM,2015-12-11 00:00:00,OMNIUM,TR,490 - 560 (4),11.12.2015,JORB-OMN-TR,JORB-OMN-TR,2019-09-01 14:15:20
AEROSTORM DRAG,2015-12-11 00:00:00,AEROSTORM DRAG,TT,S - L (3),11.12.2015,LAPI-AER3-TT,LAPI-AER3-TT,2019-09-01 14:15:20
KET8,2015-12-11 00:00:00,KE-FT8/S,TT,S - XL (4),11.12.2015,KEMO-KET8-TT,KEMO-KET8-TT,2019-09-01 14:15:20
BLOCKHAUS 67,2015-12-09 00:00:00,BLOCKHAUS 67,RD,XS - XL (5),09.12.2015,EMC-BL67-RD,EMC-BL67-RD,2019-09-01 14:15:20
MILANO 72,2015-12-08 00:00:00,MILANO 72,RD,XXS - L (5),08.12.2015,EMC-MI72-RD,EMC-MI72-RD,2019-09-01 14:15:20
ELEMENT DISC,2015-12-07 00:00:00,Element Disc /, , , , , ,2019-09-01 14:15:20
ORCA DISC 2016,2015-11-17 00:00:00,ORCA DISC 2016,RD,47 - 60 (7),17.11.2015,ORB-ORC3-RD,ORB-ORC3-RD,2019-09-01 14:15:20
NK1K,2015-11-12 00:00:00,NK1K,RD,XXS - XXL (7),12.11.2015,DIAM-NK1K-RD,DIAM-NK1K-RD,2019-09-01 14:15:20
GENNIX A1,2015-11-11 00:00:00,Gennix A UNI-T,RD,XS - XXL (6),11.11.2015,GARN-GNA1-RD,GARN-GNA1-RD,2019-09-01 14:15:20
BELADOR 3.0,2015-11-09 00:00:00,BLADE 3.0,RD,XS - XL (5),09.11.2015,BERR-BEL3-RD,BERR-BEL3-RD,2019-09-01 14:15:20
VIDEPRO,2015-11-06 00:00:00,VIDE-pro,RD,45 - 54 (4),06.11.2015,BOMA-VIDE-RD,BOMA-VIDE-RD,2019-09-01 14:15:20
VV2  ONES  ONE,2015-11-03 00:00:00,VV2 / FK-01 / FK-02,RD,51 - 61 (5),03.11.2015,FACT-VV2-RD,FACT-VV2-RD,2019-09-01 14:15:20
ROADMACHINE 12,2015-10-30 00:00:00,Roadmachine 1+2, , , , , ,2019-09-01 14:15:20
ALLEZ SPRINT X2,2015-10-28 00:00:00,ALLEZ SPRINT X2,RD,49 - 61 (6),28.10.2015,SPE-ASX2-RD,SPE-ASX2-RD,2019-09-01 14:15:20
ALLEZ SPRINT X1,2015-10-28 00:00:00,ALLEZ SPRINT X1,RD,49 - 61 (6),28.10.2015,SPE-ASX1-RD,SPE-ASX1-RD,2019-09-01 14:15:20
CARBONEX HR,2015-10-27 00:00:00,CARBONEX HR,RD,XXS - M (4),27.10.2015,YON-CAHR-RD,YON-CAHR-RD,2019-09-01 14:15:20
MR T 2015,2015-10-26 00:00:00,MR T 2015,TT,XS - XL (5),26.10.2015,SIMP-MRT2-TT,SIMP-MRT2-TT,2019-09-01 14:15:20
SPEEDMAX CF SLX R40,2015-10-26 00:00:00,F32,TT,S / M / L (3),26.10.2015,CANY-R40-TT,CANY-F32-TT,2019-09-01 14:15:20
SILQUE SLR MY 2017,2015-10-19 00:00:00,SILQUE SLR MY 2017, , , , , ,2019-09-01 14:15:20
PISTA,2015-09-15 00:00:00,PISTA,TR,440 - 550 (4),15.09.2015,BAS-PIST-TR,BAS-PIST-TR,2019-09-01 14:15:20
AVIND,2015-09-15 00:00:00,AVIND,TT,470 - 560 (5),15.09.2015,NOR-AVIN-TT,NOR-AVIN-TT,2019-09-01 14:15:20
HYPERVOX,2015-09-08 00:00:00,Hypervox,RD,XXS - XL (6),08.09.2015,SCT-HVOX-RD,SCT-HVOX-RD,2019-09-01 14:15:20
RR AERO,2015-09-08 00:00:00,RR AERO,RD,500 - 570 (3),08.09.2015,WHIT-RRAE-RD,WHIT-RRAE-RD,2019-09-01 14:15:20
V733,2015-08-27 00:00:00,V733,RD,XS - XL (5),27.08.2015,GOOM-V733-RD,GOOM-V733-RD,2019-09-01 14:15:20
LITENING15,2015-08-27 00:00:00,LITENING-15,RD,50 - 62 (7),27.08.2015,CUBE-LI15-RD,CUBE-LI15-RD,2019-09-01 14:15:20
FLATMOUNT,2015-08-13 00:00:00,Flatmount, , , , , ,2019-09-01 14:15:20
FOCUS MARES CX DISC,2015-08-12 00:00:00,FOCUS Mares CX Disc, , , , , ,2019-09-01 14:15:20
R886 NICK,2015-08-12 00:00:00,R886 NICK,RD,462 - 545 (5),12.08.2015,DER-NICK-RD,DER-NICK-RD,2019-09-01 14:15:20
RS9,2015-08-11 00:00:00,RS9, , , , , ,2019-09-01 14:15:20
RS6,2015-08-11 00:00:00,RS6,RD,43 - 55 (5),11.08.2015,BSC-RS6-RD,BSC-RS6-RD,2019-09-01 14:15:20
FOCUS IZALCO MAX,2015-08-05 00:00:00,FOCUS Izalco MAX, , , , , ,2019-09-01 14:15:20
FOCUS CAYO DISC,2015-08-05 00:00:00,FOCUS CAYO Disc, , , , , ,2019-09-01 14:15:20
RQC38,2015-06-24 00:00:00,RC58S,RD,460 - 580 (5),24.06.2015,GGC-QC38-RD,GGC-C58S-RD,2019-09-01 14:15:20
EQUIPE TR,2015-06-19 00:00:00,EQUIPE TR,TR,49 --56 (4),19.06.2015,AQU-EQTR-TR,AQU-EQTR-TR,2019-09-01 14:15:20
SUPERSIX EVO 2,2015-06-19 00:00:00,SuperSix EVO 2,RD,48 - 63 (8),19.06.2015,CANN-S6E2-RD,CANN-S6E2-RD,2019-09-01 14:15:20
P1,2015-06-19 00:00:00,PF-1,TR,490 - 580 (4),19.06.2015,COM-P1-TR,COM-P1-TR,2019-09-01 14:15:20
TRINITY ADV PRO MY16,2015-05-28 00:00:00,Trinity Adv Pro MY16,TT,XS - L (4),28.05.2015,GIAN-TRIN-TT,GIAN-TRIN-TT,2019-09-01 14:15:20
796,2015-05-28 00:00:00,796F,TT,XS-S - L-XL (3),28.05.2015,LOOK-796-TT,LOOK-796F-TT,2019-09-01 14:15:20
ORDU 2016,2015-05-28 00:00:00,ORDU 2016,TT,XS - XL (5),28.05.2015,ORB-ORD2-TT,ORB-ORD2-TT,2019-09-01 14:15:20
CORSA ER,2015-05-22 00:00:00,CORSA ER,RD,50.5 - 60 (7),22.05.2015,AVNT-CER-RD,AVNT-CER-RD,2019-09-01 14:15:20
CARBONEX,2015-05-22 00:00:00,CARBONEX,RD,XXS - M (4),22.05.2015,YON-CARB-RD,YON-CARB-RD,2019-09-01 14:15:20
BOLIDE HR,2015-05-21 00:00:00,BOLIDE HR,TR,450 - 580 (4),21.05.2015,PINA-BOHR-TR,PINA-BOHR-TR,2019-09-01 14:15:20
REVELATOR MY16,2015-05-20 00:00:00,F8,RD,49 - 59 (5),20.05.2015,KTM-REV2-RD,KTM-F8-RD,2019-09-01 14:15:20
KALIBUR,2015-04-15 00:00:00,KALIBUR AERO, , , , , ,2019-09-01 14:15:20
E117,2015-04-15 00:00:00,E-117,RD,XS - XL (5),15.04.2015,AR18-E117-TT,AR18-E117-TT,2019-09-01 14:15:20
OBSESSION,2015-04-10 00:00:00,OBSESSION,RD,49 - 58 (5),10.04.2015,CBT-OBS-RD,CBT-OBS-RD,2019-09-01 14:15:20
RADAR,2015-04-10 00:00:00,RADAR,RD,450 - 590 (7),10.04.2015,ELF-RAD-RD,ELF-RAD-RD,2019-09-01 14:15:20
TTC FLAT,2015-04-08 00:00:00,TTC FLAT,TT,450 - 560 (5),08.04.2015,JORB-TTCF-TT,JORB-TTCF-TT,2019-09-01 14:15:20
SPEEDMAX CF R24,2015-04-07 00:00:00, , , , , , ,2019-09-01 14:15:20
MUON MY15,2015-04-02 00:00:00,MUON MY15,TT,49 - 58 (5),02.04.2015,ISA-MU15-TT,ISA-MU15-TT,2019-09-01 14:15:20
ULTIMATE CF EVO R47,2015-03-27 00:00:00,One One Four SLX Evo F37,RD,2XS - 2XL (7),27.03.2015,CANY-R47-RD,CANY-F37-RD,2019-09-01 14:15:20
ULTIMATE CF SLX R39,2015-03-27 00:00:00,One One Four SLX F35,RD,2XS - 2XL (7),27.03.2015,CANY-R39-RD,CANY-F35-RD,2019-09-01 14:15:20
CCT EVO,2015-03-27 00:00:00,PRO CONTROL EVO,RD,460 - 600 (6),27.03.2015,CORR-CCTE-RD,CORR-CCTE-RD,2019-09-01 14:15:20
TF4,2015-03-25 00:00:00,REFLEX TF4,RD,41 - 59 (7),25.03.2015,FOND-TF4-RD,FOND-TF4-RD,2019-09-01 14:15:20
MARCELLO HP 1,2015-03-25 00:00:00,DT-FO989,RD,480 - 600 (5),25.03.2015,RAIK-HP1-RD,RAIK-HP1-RD,2019-09-01 14:15:20
GTR TEAM  GTR SL,2015-03-25 00:00:00,GTR Team / GTR SL, , , , , ,2019-09-01 14:15:20
TCR ADV SL ISP MY16,2015-03-24 00:00:00,TCR MY16,RD,XS - XL (6),24.03.2015,GIAN-RS16-RD,GIAN-FR16-RD,2019-09-01 14:15:20
TCR ADV MY16,2015-03-24 00:00:00,TCR MY16,RD,XS - XL (6),24.03.2015,GIAN-R16-RD,GIAN-FR16-RD,2019-09-01 14:15:20
PRO TOUR 15,2015-03-23 00:00:00,PRO TOUR 15,RD,47 - 61 (6),23.03.2015,PROT-PT15-RD,PROT-PT15-RD,2019-09-01 14:15:20
XELIUS SL,2015-03-11 00:00:00,XELIUS SL,RD,43 - 61 (7),11.03.2015,LAPI-XESL-RD,LAPI-XESL-RD,2019-09-01 14:15:20
F02,2015-03-06 00:00:00,F02,RD,XXS - XXL (7),06.03.2015,SCOT-F02-RD,SCOT-F02-RD,2019-09-01 14:15:20
DOGMA K8 S,2015-03-05 00:00:00,Dogma K8 S,RD,440 - 595 (11),05.03.2015,PINA-K8S-RD,PINA-K8S-RD,2019-09-01 14:15:20
DOGMA K8,2015-03-05 00:00:00,Dogma K8,RD,440 - 595 (11),05.03.2015,PINA-K8-RD,PINA-K8-RD,2019-09-01 14:15:20
564P,2015-03-05 00:00:00,564P,TR,XS - M (3),05.03.2015,LOOK-564-TR,LOOK-564-TR,2019-09-01 14:15:20
PRESTIGE,2015-02-26 00:00:00,PRESTIGE,CX,46 - 58 (5),26.02.2015,COLN-PRES-CX,COLN-PRES-CX,2019-09-01 14:15:20
EQUIPE UNO,2015-02-05 00:00:00,EQUIPE UNO,RD,47 --59 (7),05.02.2015,AQU-EQ1-TR,AQU-EQ1-TR,2019-09-01 14:15:20
SPEED,2015-02-03 00:00:00,SPEED,TR,XS - XL (5),19.10.2011,HERS-SPE-RD,HERS-SPE-RD,2019-09-01 14:15:20
MARCELLO HP 3,2015-02-03 00:00:00,DT-FO12,RD,470 - 590 (5),03.02.2015,RAIK-HP3-RD,RAIK-HP3-RD,2019-09-01 14:15:20
CLX,2015-01-29 00:00:00,CLX,RD,42 - 58 (8),29.01.2015,COLN-CLX-RD,COLN-CLX-RD,2019-09-01 14:15:20
BURA SL 2,2015-01-26 00:00:00,BURA SL 2,RD,XS - XL (5),26.01.2015,NPR-BSL2-RD,NPR-BSL2-RD,2019-09-01 14:15:20
NAZARE 3,2015-01-23 00:00:00,NAZARE 3,RD,XS - XL (5),23.01.2015,NPR-NAZ3-RD,NPR-NAZ3-RD,2019-09-01 14:15:20
SALLANCHES 64,2015-01-19 00:00:00,SALLANCHES 64,RD,41 - 53 (5),19.01.2015,EMC-SA64-RD,EMC-SA64-RD,2019-09-01 14:15:20
TACTIC MY16,2015-01-16 00:00:00,TACTIC MY16,RD,48 - 60.5 (6),16.01.2015,NORC-TA16-RD,NORC-TA16-RD,2019-09-01 14:15:20
FR1,2015-01-06 00:00:00,FR1,RD,480 - 580 (5),06.01.2015,ELF-FR1-RD,ELF-FR1-RD,2019-09-01 14:15:20
SPECIALISSIMA CV,2015-01-05 00:00:00,SPECIALISSIMA CV,RD,47 - 61 (7),05.01.2015,BIAN-SPCV-RD,BIAN-SPCV-RD,2019-09-01 14:15:20
ARCALIS,2015-01-05 00:00:00,Arcalis,RD,50 - 62 (7),05.01.2015,STEV-ARC-RD,STEV-ARC-RD,2019-09-01 14:15:20
ADDICTCX,2014-12-18 00:00:00,Addict-CX,CX,49 - 58 (5),18.12.2014,SCOT-AD01-CX,SCOT-AD01-CX,2019-09-01 14:15:20
SERIOS,2014-12-15 00:00:00,SERIOS,TT,XS - L (4),15.12.2014,DIA-SER-TT,DIA-SER-TT,2019-09-01 14:15:20
RT9,2014-12-15 00:00:00,RT9,TT,45 - 57 (4),15.12.2014,BSC-RT9-TT,BSC-RT9-TT,2019-09-01 14:15:20
PISTA TEAM,2014-12-15 00:00:00,Pista Team,TR,S - XL (5),15.12.2014,AVNT-PITM-TR,AVNT-PITM-TR,2019-09-01 14:15:20
KING XS,2014-12-05 00:00:00,KING XS,RD,XXXS-XXXL (9),05.12.2014,DER-KIXS-RD,DER-KIXS-RD,2019-09-01 14:15:20
RCR2  CLRF03,2014-12-05 00:00:00,RCR2 / CLFK03,RD,480 - 580 (6),05.12.2014,GUST-RCR2-RD,GUST-RCR2-RD,2019-09-01 14:15:20
FRECCIA CELESTE,2014-11-24 00:00:00,FRECCIA CELESTE,RD,44 - 61 (8),24.11.2014,BIAN-FREC-RD,BIAN-FREC-RD,2019-09-01 14:15:20
PODIUM,2014-11-24 00:00:00,PODIUM,RD,50 - 60 (6),24.11.2014,DIA-POD-RD,DIA-POD-RD,2019-09-01 14:15:20
GAN  GAN S,2014-11-14 00:00:00,Gan / Gan S /, , , , , ,2019-09-01 14:15:20
CYCLO CROSS CANTI 2,2014-11-13 00:00:00, , , , , , ,2019-09-01 14:15:20
FENIX SL,2014-11-13 00:00:00,Fenix SL,RD,XXS - XL (6),13.11.2014,RID-FESL-RD,RID-FESL-RD,2019-09-01 14:15:20
CROSSDRIVE  EGM,2014-11-13 00:00:00, , , , , , ,2019-09-01 14:15:20
METEOR,2014-11-13 00:00:00,METEOR,RD,49 - 57 (5),13.11.2014,GRAD-MET-RD,GRAD-MET-RD,2019-09-01 14:15:20
CYCLO CROSS DISC 2,2014-11-13 00:00:00, , , , , , ,2019-09-01 14:15:20
ALTAMIRA  SL,2014-11-06 00:00:00,ALTAMIRA / SL,RD,460 - 610 (7),06.11.2014,FUJI-AL-RD,FUJI-AL-RD,2019-09-01 14:15:20
SCULTURA 4,2014-11-05 00:00:00,EGM-FK-16,RD,44 - 59 (8),05.11.2014,MERI-SCU4-RD,MERI-SCU4-RD,2019-09-01 14:15:20
THUNDERDOME,2014-11-04 00:00:00,THUNDERDOME,TR,46 - 61 (6),04.11.2014,ACIT-THUN-TR,ACIT-THUN-TR,2019-09-01 14:15:20
VENGE RIM,2014-11-03 00:00:00,VENGE RIM,RD,46 - 61 (9),03.11.2014,SPE-VENR-RD,SPE-VENR-RD,2019-09-01 14:15:20
ELEMENT,2014-10-20 00:00:00,ELEMENT, , , , , ,2019-09-01 14:15:20
SUPER PRESTIGE DISC,2014-10-06 00:00:00,Super Prestige Disc,CX,50 - 60 (6),06.10.2014,STEV-SPRD-CX,STEV-SPRD-CX,2019-09-01 14:15:20
PRIME 3,2014-10-06 00:00:00,FK-R10,RD,47 - 61 (6),06.10.2014,BORA-PRI3-RD,BORA-PRI3-RD,2019-09-01 14:15:20
RFC502I,2014-10-06 00:00:00, , , , , , ,2019-09-01 14:15:20
765,2014-09-30 00:00:00,765 Fork,RD,XS - XL (5),30.09.2014,LOOK-765-RD,LOOK-765F-RD,2019-09-01 14:15:20
NOAH SL  NOAH,2014-09-18 00:00:00,Noah SL / Noah,RD,XXS - L (5),18.09.2014,RID-NOSL-RD,RID-NOSL-RD,2019-09-01 14:15:20
S5 2015,2014-09-15 00:00:00,TD054,RD, , , ,CERV-TD54-TR,2019-09-01 14:15:20
NUKE,2014-09-12 00:00:00,NUKE,TT,S - XL (4),12.09.2014,DIAM-NUK-TT,DIAM-NUK-TT,2019-09-01 14:15:20
NUKE TRUCK,2014-09-12 00:00:00,NUKE TRUCK,TR,S - XL (4),12.09.2014,DIAM-NUKT-TR,DIAM-NUKT-TR,2019-09-01 14:15:20
SUPER TROFEO,2014-09-11 00:00:00,Super Trofeo,TT,45 - 56 (5),11.09.2014,STEV-STR-TT,STEV-STR-TT,2019-09-01 14:15:20
KIRAL,2014-09-02 00:00:00,KALIBUR CALIPER, , , , , ,2019-09-01 14:15:20
ZANIAH,2014-09-02 00:00:00,ZANIAH,RD,51 - 55 (3),02.09.2014,GRAD-ZAN-RD,GRAD-ZAN-RD,2019-09-01 14:15:20
METEOR SPEED,2014-08-28 00:00:00,METEOR speed,RD,51 - 56 (6),28.08.2014,GRAD-METS-RD,GRAD-METS-RD,2019-09-01 14:15:20
KÜDÜ,2014-08-27 00:00:00,Küdü, , , , , ,2019-09-01 14:15:20
ALR1,2014-08-27 00:00:00,ALR1,TeamMachine CX,47 - 60 (5),27.08.2014,BMC-ALR1-RD,BMC-TEAM-RD,2019-09-01 14:15:20
SOLAIRAE,2014-08-19 00:00:00,SOLAIR-AE,RD,440 - 510 (4),19.08.2014,VGL-SOAE-RD,VGL-SOAE-RD,2019-09-01 14:15:20
ZONCOLAN,2014-08-19 00:00:00,AERLITE FORZA,RD,47 - 60 (6),19.08.2014,GAV-ZON-RD,GAV-ZON-RD,2019-09-01 14:15:20
KRYON,2014-08-15 00:00:00,CALIPER,RD,45 - 61 (7),15.08.2014,KUOT-KRY-RD,KUOT-CALI-RD,2019-09-01 14:15:20
SIRELLI 3,2014-08-14 00:00:00,SIRELLI 3 /,RD,XXS - XL (6),14.08.2014,SILV-SIR-RD,SILV-SIR-RD,2019-09-01 14:15:20
LHENRY PRO,2014-08-13 00:00:00,3T FUNDA PRO,TR,Custom,13.08.2014,INBO-LPRO-TR,INBO-LPRO-TR,2019-09-01 14:15:20
MARION,2014-07-30 00:00:00,MARION,RD,480 - 540 (4),30.07.2014,HKCO-MAR-RD,HKCO-MAR-RD,2019-09-01 14:15:20
KHAN,2014-07-24 00:00:00,CALIPER,RD,45 - 58 (6),24.07.2014,KUOT-KHAN-RD,KUOT-CALI-RD,2019-09-01 14:15:20
KOUGAR,2014-07-23 00:00:00,RD,KUOT-CALI-RD, , , , ,2019-09-01 14:15:20
RCR3  CLRF 13,2014-07-04 00:00:00,RCR3 / CLFK 13,RD,48 - 58 (6),04.07.2014,GUST-RCR3-RD,GUST-RCR3-RD,2019-09-01 14:15:20
CX6D MY 2015,2014-07-03 00:00:00,CX6D MY 2015,CX,490 - 530 (3),03.07.2014,BSC-C6D2-CX,BSC-C6D2-CX,2019-09-01 14:15:20
SUPER PRESTIGE,2014-07-03 00:00:00,Super Prestige,CX,50 - 60 (6),03.07.2014,STEV-SPR-CX,STEV-SPR-CX,2019-09-01 14:15:20
CX6 MY 2015,2014-07-03 00:00:00,CX6 MY 2015,CX,490 - 530 (3),03.07.2014,BSC-C62-CX,BSC-C62-CX,2019-09-01 14:15:20
INFLITE AL SLX R45,2014-07-02 00:00:00,One One Four SL Disc F21,CX,XS - XXL (6),02.07.2014,CANY-R45-CX,CANY-F21-CX,2019-09-01 14:15:20
ELLIOT,2014-06-30 00:00:00,ELLIOT, , , , , ,2019-09-01 14:15:20
CAYIN AE,2014-06-30 00:00:00,CAYIN AE,RD,440 - 530 (5),30.06.2014,VGL-CAAE-RD,VGL-CAAE-RD,2019-09-01 14:15:20
AQUILA CV,2014-06-20 00:00:00,C1605511,CX,XS - L (4),20.06.2014,BIAN-AQCV-TT,BIAN-AQCV-TT,2019-09-01 14:15:20
PISTA CARBON MY,2014-06-20 00:00:00, , , , , , ,2019-09-01 14:15:20
SCALA,2014-06-20 00:00:00,K15,TT,S - XL (4),20.06.2014,DOL-SCAL-TT,DOL-SCAL-TT,2019-09-01 14:15:20
PLASMA 4,2014-06-16 00:00:00,Plasma 4,TT,XS - XL (5),16.06.2014,SCOT-PLA4-TT,SCOT-PLA4-TT,2019-09-01 14:15:20
IZON  IZON AKTIV,2014-06-05 00:00:00,TFP01,XXS - XL (6), , , , ,2019-09-01 14:15:20
PLASMA 5 TRACK,2014-05-27 00:00:00,Plasma 5 Track,TR,M,27.05.2014,SCOT-PLA5-TR,SCOT-PLA5-TR,2019-09-01 14:15:20
PLASMA 5,2014-05-27 00:00:00,Plasma 5,TT,S - XL (4),27.05.2014,SCOT-PLA5-TT,SCOT-PLA5-TT,2019-09-01 14:15:20
EMPIRE,2014-05-19 00:00:00,Enve 2.0 Road Fork,RD,XXS - XXL (7),19.05.2014,MERL-EMP-RD,MERL-EMP-RD,2019-09-01 14:15:20
SKYLON,2014-05-15 00:00:00,TF05,XXS - XL (6),TIME-TF05-RD, , , ,2019-09-01 14:15:20
NITROGEN  NITROGEN PRO,2014-05-14 00:00:00,N7,RD,XS - XL (5),14.05.2014,AR18-NITR-RD,AR18-N7-RD,2019-09-01 14:15:20
SANREMO 76,2014-05-12 00:00:00,SANREMO 76,RD,47 - 61 (6),12.05.2014,EMC-SR76-RD,EMC-SR76-RD,2019-09-01 14:15:20
MOURENX 69,2014-05-12 00:00:00,MOURENX 69,RD,42 - 54 (5),12.05.2014,EMC-MX69-RD,EMC-MX69-RD,2019-09-01 14:15:20
AEROAD CF SLX R28,2014-05-09 00:00:00,Aeroblade SLX F30,RD,2XS - 2 XL (7),09.05.2014,CANY-R28-RD,CANY-F30-RD,2019-09-01 14:15:20
KET5,2014-04-16 00:00:00,KE-T5,TT,S - XL (4),16.04.2014,KEMO-KET5-TT,KEMO-KET5-TT,2019-09-01 14:15:20
AVANT 2015,2014-04-10 00:00:00,AVANT 2015,RD,47 - 60 (7),10.04.2014,ORB-AVAN-RD,ORB-AVAN-RD,2019-09-01 14:15:20
ZERO7 2015  ZERO6,2014-04-09 00:00:00,ZERO7 2015 / ZERO6,RD,XS - XXL (6),09.04.2014,WIL-ZE72-RD,WIL-ZE72-RD,2019-09-01 14:15:20
ORCA 2015,2014-04-09 00:00:00,ORCA 2015,RD,47 - 60 (7),09.04.2014,ORB-ORC2-RD,ORB-ORC2-RD,2019-09-01 14:15:20
ZOLDER MY 2015,2014-04-02 00:00:00,C1605495,CX,49 - 60 (6),02.04.2014,BIAN-ZO15-CX,BIAN-ZO15-CX,2019-09-01 14:15:20
CHARISMA,2014-03-28 00:00:00,CHARISMA,RD,420 - 580 (8),28.03.2014,AUTH-CHAR-RD,AUTH-CHAR-RD,2019-09-01 14:15:20
KIMERA ROAD,2014-03-28 00:00:00,KIMERA ROAD,RD,47 - 63 (7),28.03.2014,KOGA-KIMR-RD,KOGA-KIMR-RD,2019-09-01 14:15:20
795 LIGHT,2014-03-25 00:00:00,HSC8 LIGHT,RD,XS - XL (5),25.03.2014,LOOK-795L-RD,LOOK-HC8L-RD,2019-09-01 14:15:20
KRYPTON  GO,2014-03-19 00:00:00,KR Fork / Go!,RD,XXS - XL (6),19.03.2014,AR18-KRYP-RD,AR18-KRYP-RD,2019-09-01 14:15:20
ZURIGO MY 2015,2014-03-18 00:00:00,C1605447,CX,49 - 61 (6),18.03.2014,BIAN-ZU15-CX,BIAN-ZU15-CX,2019-09-01 14:15:20
DOGMA F8,2014-03-05 00:00:00,Dogma F8,RD,420 - 620 (13),05.03.2014,PINA-DOF8-RD,PINA-DOF8-RD,2019-09-01 14:15:20
GENNIX TR1,2014-02-05 00:00:00,Air Uni-T Abs TT,TT,S - XL (4),05.02.2014,GARN-GTR1-TT,GARN-GTR1-TT,2019-09-01 14:15:20
DIABOLIQUE,2014-02-05 00:00:00,DIABOLIQUE,TT,XS - XL (5),05.02.2014,NORC-DIAB-TT,NORC-DIAB-TT,2019-09-01 14:15:20
DF4,2014-02-05 00:00:00,Alpina Wing Pista,TR,51.5 - 59 (5),05.02.2014,DOL-DF4-TR,DOL-DF4-TR,2019-09-01 14:15:20
ORDU OME,2014-02-04 00:00:00,ORDU OME,TT,XS - L (4),04.02.2014,ORB-ORD-TT,ORB-ORD-TT,2019-09-01 14:15:20
CHRONO TT 2,2014-01-30 00:00:00,Chrono TT 2,TT,450 - 560 (5),30.01.2014,VITU-CHR2-TT,VITU-CHR2-TT,2019-09-01 14:15:20
SUPER ACCIAIO,2014-01-30 00:00:00,Columbus Gramy,RD,46 - 61 (6),30.01.2014,COND-SUPA-RD,COND-SUPA-RD,2019-09-01 14:15:20
TTS01,2014-01-30 00:00:00,TTS01,TT,S - XL (4),30.01.2014,POD-TTS1-TT,POD-TTS1-TT,2019-09-01 14:15:20
VITESSE EVO,2014-01-23 00:00:00,Vitesse Evo,RD,490 - 620 (7),23.01.2014,VITU-VITE-RD,VITU-VITE-RD,2019-09-01 14:15:20
TRANSONIC,2014-01-23 00:00:00,TRANSONIC,RD,46 - 61 (7),23.01.2014,FUJI-TRAN-RD,FUJI-TRAN-RD,2019-09-01 14:15:20
XENITH,2014-01-20 00:00:00,Xenith,RD,44 - 61 (7),20.01.2014,JAMI-XEN-RD,JAMI-XEN-RD,2019-09-01 14:15:20
TARMAC 15,2014-01-15 00:00:00,TARMAC 15,RD,49 - 64 (10),15.01.2014,SPE-TA15-RD,SPE-TA15-RD,2019-09-01 14:15:20
C60,2014-01-10 00:00:00,C60,RD,42s - 60s (9),10.01.2014,COLN-C60-RD,COLN-C60-RD,2019-09-01 14:15:20
REFERENCE MY15,2014-01-07 00:00:00,REFERENCE MY15,RD,44 - 53 (6),07.01.2014,VGL-RE15-RD,VGL-RE15-RD,2019-09-01 14:15:20
PULSIUM,2013-12-20 00:00:00,PULSIUM,RD,XS - XXL (6),20.12.2013,LAPI-PULS-RD,LAPI-PULS-RD,2019-09-01 14:15:20
AIRCODE,2013-12-19 00:00:00,AIRCODE,RD,XS - XXL (6),19.12.2013,LAPI-AIR-RD,LAPI-AIR-RD,2019-09-01 14:15:20
ENDURACE AL R34,2013-12-17 00:00:00,One One Eight SL F25,RD,XS - XXXL (7),17.12.2013,CANY-R34-RD,CANY-F25-RD,2019-09-01 14:15:20
2  SCALERA 3,2013-12-10 00:00:00,2 / SCALERA 3 /, , , , , ,2019-09-01 14:15:20
FOX2,2013-12-06 00:00:00,FOX2,RD,450 - 570 (5),06.12.2013,EDGE-FOX2-RD,EDGE-FOX2-RD,2019-09-01 14:15:20
AIRY,2013-12-06 00:00:00,AIRY,RD,450 - 600 (8),06.12.2013,EDGE-AIRY-RD,EDGE-AIRY-RD,2019-09-01 14:15:20
Fork CROSS DISC BRAKE,2013-12-03 00:00:00,Fork CROSS DISC BRAKE,CX,/,03.12.2013,-,ENVE-CDB-CX,2019-09-01 14:15:20
Fork CROSS 1.125,2013-12-03 00:00:00,Fork CROSS 1.125,CX,/,03.12.2013,-,ENVE-C125-CX,2019-09-01 14:15:20
Fork CROSS 1.5,2013-12-03 00:00:00,Fork CROSS 1.5,CX,/,03.12.2013,-,ENVE-C5-CX,2019-09-01 14:15:20
DOGMAK,2013-12-02 00:00:00,DogmaK,RD,420 - 550 (8),02.12.2013,PINA-DOGK-RD,PINA-DOGK-RD,2019-09-01 14:15:20
LEGGERO,2013-11-29 00:00:00,Deda Nero Supremacy,RD,46 - 61 (6),29.11.2013,COND-LEGG-RD,COND-LEGG-RD,2019-09-01 14:15:20
CAYIN,2013-11-18 00:00:00,CAYIN,RD,440 - 530 (5),18.11.2013,VGL-CAY-RD,VGL-CAY-RD,2019-09-01 14:15:20
FOCUS CAYO EVO2,2013-11-12 00:00:00,FOCUS Cayo Evo2, , , , , ,2019-09-01 14:15:20
GRANFONDO 02 MY 15,2013-11-08 00:00:00,Granfondo 02 MY 15,Granfondo RD,48 - 61 (6),08.11.2013,BMC-GF2C-RD,BMC-GF-RD,2019-09-01 14:15:20
KER5,2013-10-30 00:00:00,KE-FR5,RD,48 - 61 (6),30.10.2013,KEMO-KER5-RD,KEMO-KER5-RD,2019-09-01 14:15:20
KER8,2013-10-30 00:00:00,KE-FR8,RD,45 - 58 (6),30.10.2013,KEMO-KER8-RD,KEMO-KER8-RD,2019-09-01 14:15:20
EQUIPER,2013-10-29 00:00:00,FB-F0007,RD,48 --60 (7),29.10.2013,AQU-EQR-RD,AQU-EQR-RD,2019-09-01 14:15:20
795 AEROLIGHT,2013-10-29 00:00:00,HSC8,RD,XS - XL (5),29.10.2013,LOOK-795A-RD,LOOK-HSC8-RD,2019-09-01 14:15:20
NEUROGEN,2013-10-25 00:00:00,Neurogen,TT,XS - L (4),25.10.2013,SCT-NEUR-TT,SCT-NEUR-TT,2019-09-01 14:15:20
V1R,2013-10-18 00:00:00,V1-R,RD,42 - 58 (8),18.10.2013,COLN-V1R-RD,COLN-V1R-RD,2019-09-01 14:15:20
ALUR  ULTRA AF,2013-10-07 00:00:00,ALUR / ULTRA AF,RD,XS - XL (5),07.10.2013,BTWI-ALUR-RD,BTWI-ALUR-RD,2019-09-01 14:15:20
ALIAS,2013-10-03 00:00:00,Alias,RD,44 - 57 (5),03.10.2013,SPE-ALIA-RD,SPE-ALIA-RD,2019-09-01 14:15:20
ULTRA  ULTRA CF,2013-10-01 00:00:00,ULTRA / ULTRA CF, , , , , ,2019-09-01 14:15:20
ENDURACE CF R32,2013-09-20 00:00:00,One One Four SL F28,RD,XS - XXXL (7),20.09.2013,CANY-R32-RD,CANY-F28-RD,2019-09-01 14:15:20
THRESHOLD,2013-09-20 00:00:00,THRESHOLD,CX,50 - 60 (5),20.09.2013,NORC-THRE-CX,NORC-THRE-CX,2019-09-01 14:15:20
TEAMMACHINE SLR03,2013-09-20 00:00:00,TeamMachine SLR03,TeamMachine RD,48 - 60 (5),20.09.2013,BMC-SLR3-RD,BMC-TEAM-RD,2019-09-01 14:15:20
ALIZE 2  NAZARE 2,2013-09-12 00:00:00,Alize 2 / Nazare 2,RD,XS - XL (5),12.09.2013,NPR-ALI2-RD,NPR-ALI2-RD,2019-09-01 14:15:20
GIGADRIVE 2014,2013-08-15 00:00:00,EGC-FK-04,RD,470 - 620 (6),15.08.2013,CENT-GI14-RD,CENT-GI14-RD,2019-09-01 14:15:20
FOCUS MARES CX,2013-08-14 00:00:00,FOCUS Mares CX,CX,48 - 60 (6),14.08.2013,DCW-MA-CX,DCW-MA-CX,2019-09-01 14:15:20
NORCROSS SL AERO,2013-08-09 00:00:00, , , , , , ,2019-09-01 14:15:20
RS8,2013-07-25 00:00:00,RS8,RD,46 - 55 (4),25.07.2013,BSC-RS8-RD,BSC-RS8-RD,2019-09-01 14:15:20
AEROLIGHT,2013-07-09 00:00:00,Aerolight,TT,SM - LA (3),09.07.2013,BHB-AERO-TT,BHB-AERO-TT,2019-09-01 14:15:20
ZXRS 2014,2013-07-05 00:00:00,TF03,TIME-TF03-RD, , , ,TIME-TF03-RD,2019-09-01 14:15:20
GLOBAL CONCEPT G6,2013-07-02 00:00:00,Global Concept G6,RD,SM - LA (3),02.07.2013,BHB-G6-RD,BHB-G6-RD,2019-09-01 14:15:20
CROSSMACHINE CX01,2013-07-02 00:00:00,Crossmachine CX01, , , , , ,2019-09-01 14:15:20
XNIGHT DISC,2013-06-27 00:00:00,X-Night Disc, , , , , ,2019-09-01 14:15:20
DEAN,2013-06-26 00:00:00,Dean Fast,TT,XS - L (4),26.06.2013,RID-DEAN-TT,RID-DEAN-TT,2019-09-01 14:15:20
SIBILO,2013-06-06 00:00:00,SIBILO,TT,S - XL (4),06.06.2013,PINA-SIB-TT,PINA-SIB-TT,2019-09-01 14:15:20
FLUIDITY S MY2014,2013-05-30 00:00:00,TF03,RD,XXXS - XL (7),30.05.2013,TIME-FLSB-RD,TIME-TF03-RD,2019-09-01 14:15:20
CX ZERO,2013-05-22 00:00:00,CX ZERO,RD,42s - 58s (8),22.05.2013,COLN-CXZE-RD,COLN-CXZE-RD,2019-09-01 14:15:20
ACR,2013-05-22 00:00:00,AC-R,RD,42s - 58s (8),22.05.2013,COLN-ACR-RD,COLN-ACR-RD,2019-09-01 14:15:20
SOLAIR,2013-05-14 00:00:00,RD,VGL-BL45-RD, , , , ,2019-09-01 14:15:20
ULTIMATE AL R13,2013-05-01 00:00:00, , , , , , ,2019-09-01 14:15:20
ULTIMATE AL R23,2013-05-01 00:00:00, , , , , , ,2019-09-01 14:15:20
AERIUM SUPER HPC,2013-04-30 00:00:00,Fork, , , , , ,2019-09-01 14:15:20
TRACKMACHINE TR01,2013-04-30 00:00:00,TrackMachine TR01,TrackMachine TR01 TR,S - L (3),30.04.2013,BMC-TR01-TR,BMC-TR01-TR,2019-09-01 14:15:20
ELLIOT SIGNATURE,2013-04-30 00:00:00,ELLIOT SIGNATURE,VGL-BC53-RD, , , ,VGL-ELSI-RD,2019-09-01 14:15:20
BOLIDE,2013-04-29 00:00:00,BOLIDE,TT,450 - 550 (3),29.04.2013,PINA-BOL-TT,PINA-BOL-TT,2019-09-01 14:15:20
ROADLITE AL R12,2013-04-19 00:00:00, , , , , , ,2019-09-01 14:15:20
TRIPLE EEE,2013-04-18 00:00:00,Triple EEE,RD,XS - XL (5),18.04.2013,AIR-EEE-RD,AIR-EEE-RD,2019-09-01 14:15:20
CENTO 1 AIR,2013-04-18 00:00:00,CENTO 1 AIR,RD,XS - XXL (6),18.04.2013,WIL-C1AI-RD,WIL-C1AI-RD,2019-09-01 14:15:20
REFERENCE,2013-04-17 00:00:00,REFERENCE,RD,430 - 530 (6),17.04.2013,VGL-REF-RD,VGL-REF-RD,2019-09-01 14:15:20
TCX ADV,2013-04-16 00:00:00,TCX Adv disc open type,through Axle /, , , ,GIAN-TCXA-CX,2019-09-01 14:15:20
SUPER ELECTRA LTD,2013-04-10 00:00:00,Super Electra LTD, , , , , ,2019-09-01 14:15:20
ZEPHYR,2013-04-08 00:00:00,Zephyr,RD,XS - XL (5),08.04.2013,NPR-ZEPH-RD,NPR-ZEPH-RD,2019-09-01 14:15:20
OLTRE XR2,2013-04-05 00:00:00, , , , , , ,2019-09-01 14:15:20
BRAVA,2013-03-27 00:00:00,through Axle, , , , , ,2019-09-01 14:15:20
TCX SLR,2013-03-27 00:00:00,through Axle, , , , , ,2019-09-01 14:15:20
GALLIUM  GALLIUM,2013-03-20 00:00:00,GALLIUM / GALLIUM, , , , , ,2019-09-01 14:15:20
CORSA SL,2013-03-18 00:00:00,Corsa SL,RD,XS - XL (7),18.03.2013,AVNT-CSL-RD,AVNT-CSL-RD,2019-09-01 14:15:20
ORCA,2013-03-14 00:00:00,ORCA,RD,47 - 60 (7),14.03.2013,ORB-ORCA-RD,ORB-ORCA-RD,2019-09-01 14:15:20
PROPEL ADV,2013-02-22 00:00:00,TCX Adv disc 15mm, , , , , ,2019-09-01 14:15:20
ZURIGO DISK BRAKE,2013-02-22 00:00:00,C1605447,CX,490 - 610 (5),22.02.2013,BIAN-ZUDB-CX,BIAN-ZUDB-CX,2019-09-01 14:15:20
FOCUS IZALCO CHRONO,2013-02-18 00:00:00,FOCUS Izalco Chrono, , , , , ,2019-09-01 14:15:20
AEROSTORM 2013,2013-02-18 00:00:00,LAPI-AE2D-TT, , , , , ,2019-09-01 14:15:20
G733,2013-02-08 00:00:00,G733,RD,49 - 58 (5),08.02.2013,GOOM-G733-RD,GOOM-G733-RD,2019-09-01 14:15:20
URGESTALT,2013-02-07 00:00:00,URGESTALT,RD,48 - 60 (6),07.02.2013,LW-URGE-RD,LW-URGE-RD,2019-09-01 14:15:20
INTENSO,2013-01-24 00:00:00,C1605404,RD,44 - 63 (9),24.01.2013,BIAN-INT-RD,BIAN-INT-RD,2019-09-01 14:15:20
INFLITE AL R25,2013-01-21 00:00:00,F21,CX,XS - XXL (6),21.01.2013,CANY-R25-CX,CANY-F21-CX,2019-09-01 14:15:20
695 AERO,2013-01-15 00:00:00,HSC7 AERO,RD,XS - XXL (6),15.01.2013,LOOK-695A-RD,LOOK-H7A-RD,2019-09-01 14:15:20
MARVEL 30.12 THINK2,2013-01-15 00:00:00, , , , , , ,2019-09-01 14:15:20
SYNAPSE HM,2013-01-14 00:00:00,Synapse HM,RD,48 - 61 (7),14.01.2013,CANN-SYHM-RD,CANN-SYHM-RD,2019-09-01 14:15:20
INFINITO CV,2012-12-19 00:00:00,C1605420,RD,47 - 63 (8),19.12.2012,BIAN-INCV-RD,BIAN-INCV-RD,2019-09-01 14:15:20
DOGMAK THINK2,2012-12-12 00:00:00,OndaK,RD,420 - 550 (8),12.12.2012,PINA-1017-RD,PINA-1017-RD,2019-09-01 14:15:20
SCULTURA LITE,2012-12-12 00:00:00,FK-M-07 /, , , , , ,2019-09-01 14:15:20
MARCELLO SLK1 FCM938,2012-12-11 00:00:00,Marcello SLK1,RD,48 - 61 (6),11.12.2012,RAIK-SLK1-RD,RAIK-SLK1-RD,2019-09-01 14:15:20
MARCELLO SLK3 FCM660,2012-12-11 00:00:00,Marcello SLK3,RD,47 - 60 (7),11.12.2012,RAIK-SLK3-RD,RAIK-SLK3-RD,2019-09-01 14:15:20
CHRONO TT,2012-12-10 00:00:00,Chrono TT,TT,"51,5 - 55,5 (3)",10.12.2012,VITU-CHRO-TT,VITU-CHRO-TT,2019-09-01 14:15:20
ADDICT,2012-12-10 00:00:00,Addict,RD,XXS - XXL (7),10.12.2012,SCOT-ADDI-RD,SCOT-ADDI-RD,2019-09-01 14:15:20
FM90  S3,2012-12-04 00:00:00,FK42,RD, , , ,CERV-FK42-RD,2019-09-01 14:15:20
RQC32  TR003,2012-10-26 00:00:00, , , , , , ,2019-09-01 14:15:20
RQC30,2012-10-26 00:00:00,RC52S,RD,460 - 580 (5),26.10.2012,GGC-QC30-RD,GGC-C52S-RD,2019-09-01 14:15:20
REACTO EVO,2012-10-24 00:00:00,Reacto Evo SL Fork, , , , , ,2019-09-01 14:15:20
TACTIC,2012-10-18 00:00:00,TACTIC,RD,48 - 60.5 (6),18.10.2012,NORC-TACT-RD,-,2019-09-01 14:15:20
P3,2012-10-16 00:00:00,TT,CERV-FK41-TT, , , , ,2019-09-01 14:15:20
KONOS,2012-10-16 00:00:00,KONOS,TT,500 - 580 (4),16.10.2012,BAS-KON-TT,-,2019-09-01 14:15:20
WARP TT,2012-10-16 00:00:00,WARP TT-2,S / M / L, , , , ,2019-09-01 14:15:20
NORCOM,2012-10-16 00:00:00,NORCOM,TT,490 - 570 (5),16.10.2012,FUJI-NRCM-TT,FUJI-NRCM-TT,2019-09-01 14:15:20
VITESSE SEAN KELLY,2012-10-11 00:00:00, , , , , , ,2019-09-01 14:15:20
XNIGHT YDB25,2012-10-05 00:00:00, , , , , , ,2019-09-01 14:15:20
TEAMMACHINE SLR02,2012-10-02 00:00:00,TeamMachine SLR02,TeamMachine RD,48 - 60 (5),02.10.2012,BMC-SLR2-RD,BMC-TEAM-RD,2019-09-01 14:15:20
TEAMMACHINE SLR01,2012-10-02 00:00:00,TeamMachine SLR01,TeamMachine RD,48 - 61 (6),02.10.2012,BMC-SLR1-RD,BMC-TEAM-RD,2019-09-01 14:15:20
TRACKMACHINE TR02,2012-09-26 00:00:00,TrackMachine TR02,Track Fork TR,XS - L (4),26.09.2012,BMC-TR02-TR,BMC-TR-TR,2019-09-01 14:15:20
RIDE SL,2012-09-26 00:00:00,WARP TT,RD, , , ,MERI-WF-TT,2019-09-01 14:15:20
LIZ CARBON,2012-09-25 00:00:00,Liz Carbon Fork,RD,XXS - M (4),25.09.2012,RID-LIZC-RD,-,2019-09-01 14:15:20
R3 MUD,2012-09-25 00:00:00,FK33,RD, , , ,CERV-FK33-RD,2019-09-01 14:15:20
R9,2012-09-13 00:00:00,R9,RD,XS - XL (5),13.09.2012,RID-R9-RD,-,2019-09-01 14:15:20
SIGNATURE,2012-09-11 00:00:00,Signature, , , , , ,2019-09-01 14:15:20
CARRERA SL730,2012-09-06 00:00:00, , , , , , ,2019-09-01 14:15:20
CRUX CARBON DISC,2012-09-03 00:00:00,Crux Carbon Disc, , , , , ,2019-09-01 14:15:20
BURA SL,2012-09-03 00:00:00,Bura SL,RD,490 - 580 (5),03.09.2012,NPR-BURA-RD,-,2019-09-01 14:15:20
ALLEZ 650,2012-08-27 00:00:00,ALLEZ 650,RD,45 (1),27.08.2012,SPE-A650-RD,-,2019-09-01 14:15:20
ASTRA,2012-08-13 00:00:00,ASTRA,RD,450 - 610 (7),13.08.2012,BAS-AST-RD,-,2019-09-01 14:15:20
DIAMANTE,2012-08-13 00:00:00,DIAMANTE,RD,450 - 610 (7),13.08.2012,BAS-DIA-RD,-,2019-09-01 14:15:20
ULTIMATE CF SLX R20,2012-07-25 00:00:00,RD,XS - XXXL (7), , , , ,2019-09-01 14:15:20
ULTIMATE CF SL R22,2012-07-25 00:00:00,RD,XS - XXXL (7), , , , ,2019-09-01 14:15:20
HELIOS C SERIES,2012-07-19 00:00:00,Helios C,RD,46 - 58 (6),19.07.2012,PTIS-HECS-RD,PTIS-HECS-RD,2019-09-01 14:15:20
CELTIC CROSS,2012-07-19 00:00:00,Celtic Cross,CX,Custom,19.07.2012,SHAM-CELT-CX,-,2019-09-01 14:15:20
G27-12,2012-07-17 00:00:00,G27-12,TR,"70, 100 (2)",17.07.2012,-,-,2019-09-01 14:15:20
ALTAMIRA CX,2012-07-17 00:00:00,Altamira CX,CX,49 - 60 (6),17.07.2012,FUJI-ALCX-CX,-,2019-09-01 14:15:20
RL8,2012-07-13 00:00:00,RIS9,RD,390 - 540 (6),13.07.2012,BSC-RL8-RD,-,2019-09-01 14:15:20
ARROW ONE,2012-07-13 00:00:00,Arrow One,RD,46 - 58 (5),13.07.2012,CULP-AONE-RD,CULP-AONE-RD,2019-09-01 14:15:20
HELIOS A SERIES,2012-07-13 00:00:00,Helios A,RD,48 - 58 (6),13.07.2012,PTIS-HEAS-RD,PTIS-HEAS-RD,2019-09-01 14:15:20
RCA  R7  R5,2012-07-12 00:00:00,RD,CERV-FK35-RD, , , , ,2019-09-01 14:15:20
BOND,2012-07-04 00:00:00,LOGOS,RD,XS - XL (5),04.07.2012,DIAM-BOND-RD,-,2019-09-01 14:15:20
TR9,2012-06-29 00:00:00,TR9,TR,S - L (5),29.06.2012,BSC-TR9-TR,-,2019-09-01 14:15:20
B10,2012-06-29 00:00:00,G27-10,TR,One size,29.06.2012,FES-B10-TR,-,2019-09-01 14:15:20
FCX CROSS,2012-06-27 00:00:00,FCX CROSS,CX,475 - 560 (4),27.06.2012,PINA-1127-CX,-,2019-09-01 14:15:20
PROPEL ADV W,2012-06-26 00:00:00,Propel Adv W /, , , , , ,2019-09-01 14:15:20
PAVO 3,2012-06-19 00:00:00,PAVO 3,RD,49 - 61 (5),19.06.2012,SIMP-PAV3-RD,SIMP-PAV3-RD,2019-09-01 14:15:20
675,2012-06-18 00:00:00,675,RD,XS - XL (5),18.06.2012,LOOK-675-RD,-,2019-09-01 14:15:20
PROTOS,2012-06-12 00:00:00,FK PRO,RD,XXS - XXXL (8),12.06.2012,DER-PRO-RD,-,2019-09-01 14:15:20
PROPEL ADV SL ISP,2012-06-12 00:00:00,Propel Adv SL,RD,XS - XL (7),12.06.2012,GIAN-PASI-RD,-,2019-09-01 14:15:20
BAYAMO,2012-06-11 00:00:00,Bayamo+,TT,XS - XL (5),11.06.2012,NPR-BAYA-TT,-,2019-09-01 14:15:20
CX6,2012-06-07 00:00:00,CX6,CX,510 - 550 (3),07.06.2012,BSC-CX6-CX,-,2019-09-01 14:15:20
FENIX,2012-06-05 00:00:00,Fenix Fork,RD,XXS - XL (6),05.06.2012,RID-FEN-RD,-,2019-09-01 14:15:20
GF02 DISC,2012-06-01 00:00:00,Time Machine Road, , , , , ,2019-09-01 14:15:20
HELIUM SL  HELIUM,2012-05-31 00:00:00,Helium SL / Helium,RD,XS - XL (5),31.05.2012,RID-HESL-RD,-,2019-09-01 14:15:20
ETT,2012-05-31 00:00:00,ETT Fork,TT,710 - 830 (5),31.05.2012,EMC-ETT-TT,-,2019-09-01 14:15:20
CORSA DR,2012-05-29 00:00:00,Corsa DR Fork,RD,50.5 - 59.5 (7),29.05.2012,AVNT-CDR-RD,AVNT-CDR-RD,2019-09-01 14:15:20
FLUIDITY,2012-05-24 00:00:00,TF03,RD,XXS - XL (6),24.05.2012,TIME-FLU-RD,TIME-TF03-RD,2019-09-01 14:15:20
FLUIDITY S,2012-05-24 00:00:00,TF03,RD,XXS - XL (6),24.05.2012,TIME-FLUS-RD,TIME-TF03-RD,2019-09-01 14:15:20
C1605412,2012-05-21 00:00:00,C1605412,TT,taille unique,21.05.2012,-,BIAN-412-TT,2019-09-01 14:15:20
NXRS,2012-05-18 00:00:00,TF03,RD,XXS - XL (6),18.05.2012,TIME-NXRS-RD,TIME-TF03-RD,2019-09-01 14:15:20
XELIUS EFI,2012-05-15 00:00:00,RD, , , , , ,2019-09-01 14:15:20
ORDU,2012-05-15 00:00:00,ORDU,TT,"S, M, L",15.05.2012,ORB-ORDU-TT,ORB-ORDU-TT,2019-09-01 14:15:20
EMX525,2012-05-10 00:00:00,EMX-525 Fork,RD,50 - 60 (6),10.05.2012,EMC-E525-RD,-,2019-09-01 14:15:20
CENTO1 SR,2012-05-09 00:00:00,XS - XXL (6), ,XS - XXL (6), , , ,2019-09-01 14:15:20
UKSI 2008,2012-05-09 00:00:00,"UKSI Fork MK3, MK4",TT,XXS - XXL (7),09.05.2012,MET-UKSI-TT,-,2019-09-01 14:15:20
MAAT,2012-05-07 00:00:00,MAAT,TR,425 - 500 (5),07.05.2012,PINA-1007-TR,-,2019-09-01 14:15:20
T1,2012-04-24 00:00:00,T1, , , , , ,2019-09-01 14:15:20
LEGEND,2012-04-20 00:00:00,Legend,RD,48 - 62 (7),20.04.2012,KEST-LEG-RD,-,2019-09-01 14:15:20
TTQC29  TT001,2012-04-18 00:00:00, , , , , , ,2019-09-01 14:15:20
TRACK ELITE,2012-04-18 00:00:00,Track Elite,TR,490 - 610 (6),18.04.2012,FUJI-TREL-TR,-,2019-09-01 14:15:20
ZXRS,2012-04-11 00:00:00,TF03,RD,XXS - XL (6),11.04.2012,TIME-ZXRS-RD,TIME-TF03-RD,2019-09-01 14:15:20
-,2012-04-11 00:00:00,-,TT,taille unique,11.04.2012,-,BIAN-408-TT,2019-09-01 14:15:20
SEMPRE 2013,2012-04-11 00:00:00,C1605403,RD,470 - 610 (7),11.04.2012,BIAN-SEM2-RD,-,2019-09-01 14:15:20
NXIO,2012-04-11 00:00:00,NXIO,RD,500 - 600 (5),11.04.2012,SIMP-NXIO-RD,SIMP-NXIO-RD,2019-09-01 14:15:20
CADENT ER2,2012-03-21 00:00:00,"M/L, L, XL (6)", ,RD, , , ,2019-09-01 14:15:20
RQC29  TR001,2012-03-20 00:00:00, , , , , , ,2019-09-01 14:15:20
TCR ALUXX MY2012,2012-03-02 00:00:00,TCR Aluxx MY2012,RD,XS - XL (6),02.03.2012,GIAN-TALU-RD,-,2019-09-01 14:15:20
L96  R96,2012-02-29 00:00:00,L96 / R96,TR,XXS - M (4),29.02.2012,LOOK-PT91-TR,-,2019-09-01 14:15:20
ULTRALIGHT,2012-02-17 00:00:00,Ultralight,RD,XS - XL (5),17.02.2012,BHB-ULTR-RD,-,2019-09-01 14:15:20
SEMPRE,2012-01-31 00:00:00,FN38, , , , , ,2019-09-01 14:15:20
K.ZERO,2012-01-27 00:00:00,K.Zero,TT,XS - L (4),27.01.2012,COLN-TICT-TT,-,2019-09-01 14:15:20
INFINITO,2012-01-19 00:00:00,FF35,RD,47 - 61 (7),19.01.2012,BIAN-INFI-RD,-,2019-09-01 14:15:20
DOMANE 6  5 SERIES,2012-01-18 00:00:00,carbon E2, , , , , ,2019-09-01 14:15:20
OLTRE,2012-01-18 00:00:00, , , , , , ,2019-09-01 14:15:20
ZERO7  ZERO9,2012-01-05 00:00:00,ZERO7 / ZERO9, ,XS r - XXL r (6), , , ,2019-09-01 14:15:20
IMPULSO,2012-01-03 00:00:00,FN11,RD,44 - 63 (10),03.01.2012,BIAN-IMP-RD,-,2019-09-01 14:15:20
P5,2011-12-21 00:00:00,FK37, , , , , ,2019-09-01 14:15:20
T4,2011-12-21 00:00:00,FK24 / FK22,TR,51 - 58 (4),21.12.2011,CERV-T4-TR,-,2019-09-01 14:15:20
RALEIGH MILITIS,2011-12-19 00:00:00,Raleigh,RD,500 - 620 (6),19.12.2011,RAL-MILI-RD,-,2019-09-01 14:15:20
GIGADRIVE,2011-12-09 00:00:00,FK-M-04,RD,50 - 62 (6),09.12.2011,CENT-GIGA-RD,-,2019-09-01 14:15:20
SCULTURA SL,2011-12-09 00:00:00,FK-M-04,RD,XXS - XL (8),09.12.2011,MERI-SCSL-RD,-,2019-09-01 14:15:20
SCULTURA PRO,2011-12-09 00:00:00,FK-M-04,RD,XXS - XL (7),09.12.2011,MERI-SCPR-RD,-,2019-09-01 14:15:20
ROUBAIX,2011-12-05 00:00:00,Roubaix,RD,49 - 61 (8),05.12.2011,SPE-RBX-RD,-,2019-09-01 14:15:20
SCULTURA COMP,2011-12-05 00:00:00,MIC-R01-FK-X0,RD,XXS - XL (7),05.12.2011,MERI-SCCO-RD,-,2019-09-01 14:15:20
ULTIMAX,2011-11-30 00:00:00,ULTIMAX,RD,S - XXL (5),30.11.2011,JORB-ULMX-RD,-,2019-09-01 14:15:20
ULTIMATE CF SLX R15,2011-11-27 00:00:00,One One Four SLX F10,RD,50 - 64 (8),27.11.2011,CANY-R15-RD,CANY-F10-RD,2019-09-01 14:15:20
ULTIMATE CF R14,2011-11-27 00:00:00,One One Four SLX F10,RD,50 - 64 (8),27.11.2011,CANY-R14-RD,CANY-F10-RD,2019-09-01 14:15:20
695,2011-11-24 00:00:00,HSC7,RD,XS - XXL (6),24.11.2011,LOOK-695-RD,-,2019-09-01 14:15:20
AEROAD CF R19,2011-11-24 00:00:00,Aeroblade SL F13,RD,XS - XXL (6),24.11.2011,CANY-R19-RD,CANY-F13-RD,2019-09-01 14:15:20
AEROAD CF R16,2011-11-24 00:00:00,Aeroblade SL F13,RD,XS - XXL (6),24.11.2011,CANY-R16-RD,CANY-F13-RD,2019-09-01 14:15:20
DIABLO,2011-11-18 00:00:00,Diablo,RD,49 - 60 (6),18.11.2011,NPR-DIAB-RD,-,2019-09-01 14:15:20
TRACK ONE,2011-11-18 00:00:00,Track One,TR,"49, 51, 54",18.11.2011,PRIN-TRAK-TR,-,2019-09-01 14:15:20
ALIZE  NAZARE,2011-11-18 00:00:00,Alize / Nazare,RD,49 - 60 (6),18.11.2011,NPR-ALIZ-RD,-,2019-09-01 14:15:20
TT ONE,2011-11-18 00:00:00,TT One,TT,"49, 51, 54",18.11.2011,PRIN-TTO-TT,-,2019-09-01 14:15:20
RIS9,2011-11-14 00:00:00,RIS9,RD,430 - 550 (5),14.11.2011,BSC-RIS9-RD,-,2019-09-01 14:15:20
ULTRAVOX RS1,2011-11-09 00:00:00,Ultravox RS-1 /fk,RD,465 - 590 (6),09.11.2011,SCT-UVOX-RD,-,2019-09-01 14:15:20
CYCLO CROSS,2011-11-09 00:00:00, , , , , , ,2019-09-01 14:15:20
CYCLO CROSS CARBON,2011-11-09 00:00:00,Cyclo Cross Carbon,CX,48 - 61 (5),09.11.2011,CENT-CCC-CX,-,2019-09-01 14:15:20
GRANFONDO 01,2011-11-08 00:00:00,Granfondo 01,Granfondo RD,48 - 61 (6),08.11.2011,BMC-GF01-RD,BMC-GF-RD,2019-09-01 14:15:20
GENNIX R2,2011-11-08 00:00:00,Gennix Uni-T OS,RD,XS - XXL (6),08.11.2011,GARN-GNR2-RD,GARN-GNR2-RD,2019-09-01 14:15:20
GENNIX R1,2011-11-08 00:00:00,Gennix Uni-T OS,RD,XS - XXL (6),08.11.2011,GARN-GNR1-RD,GARN-GNR1-RD,2019-09-01 14:15:20
X85,2011-11-08 00:00:00,Fork X85,CX,S - XL (4),08.11.2011,LOOK-X85-CX,-,2019-09-01 14:15:20
GRANFONDO 02,2011-11-07 00:00:00,Granfondo 02,Granfondo RD,48 - 61 (6),07.11.2011,BMC-GF02-RD,BMC-GF-RD,2019-09-01 14:15:20
MEGADRIVE CARBON,2011-10-28 00:00:00,EGM-FK-03,RD,50 - 62 (6),28.10.2011,CENT-MEGA-RD,-,2019-09-01 14:15:20
REACTO,2011-10-28 00:00:00,FK-M-02 / FK-M-03,RD,XS - XL (6),28.10.2011,MERI-REAC-RD,-,2019-09-01 14:15:20
CX RACER,2011-10-28 00:00:00,-,CX,XS - XL (5),28.10.2011,CLO-CXR-CX,-,2019-09-01 14:15:20
B11,2011-10-14 00:00:00,-,TR,"S, M (2)",14.10.2011,FES-B11-TR,-,2019-09-01 14:15:20
AGFM02  LSERIES,2011-09-26 00:00:00,AGF-M02 / L-Series,RD,S - XL (5),26.09.2011,LITE-AGF2-RD,-,2019-09-01 14:15:20
VIPERA TEAM ISSUE,2011-09-08 00:00:00,Vipera Team Issue,RD,490 - 580 (5),08.09.2011,DEPO-VIPE-RD,-,2019-09-01 14:15:20
RQC31  TR002,2011-09-08 00:00:00, , , , , , ,2019-09-01 14:15:20
TEE TEE TRACK,2011-08-25 00:00:00,Tee Tee Track,TR,"S, M, L (3)",25.08.2011,KOGA-TEE-TR,-,2019-09-01 14:15:20
CHRONO EVO 2,2011-08-19 00:00:00,"S, S/M, M,", , , , , ,2019-09-01 14:15:20
TF3 1.2,2011-07-28 00:00:00,REFLEX,RD,XS - XXL (6),28.07.2011,FOND-TF3-RD,-,2019-09-01 14:15:20
DEFY ADV SL ISP,2011-07-27 00:00:00, , , , , , ,2019-09-01 14:15:20
MMR ATTACK,2011-07-26 00:00:00,MMR F-CX-19,CX,XS - XXL (6),26.07.2011,SLS-MMR-CX,-,2019-09-01 14:15:20
FOCUS IZALCO,2011-07-20 00:00:00,Rigida ProFOCUS, , , , , ,2019-09-01 14:15:20
CONQUEST TEAM,2011-07-07 00:00:00, , , , , , ,2019-09-01 14:15:20
BELADOR,2011-07-07 00:00:00,-,RD,XS - XL (5),07.07.2011,BERR-BELA-RD,-,2019-09-01 14:15:20
REVELATOR,2011-06-27 00:00:00,Revelator,RD,520 - 590 (4),27.06.2011,KTM-REVE-RD,-,2019-09-01 14:15:20
TIME MACHINE,2011-06-21 00:00:00,Time Machine, , , , , ,2019-09-01 14:15:20
TWIN FOIL,2011-06-21 00:00:00,Twin Foil, , , , , ,2019-09-01 14:15:20
PISTA EVO 2,2011-06-17 00:00:00,Pista Evo 2 Fork, , , , , ,2019-09-01 14:15:20
S5  FM70,2011-06-17 00:00:00,FK26 / FK26L,RD,48 - 58 (6),17.06.2011,CERV-S5-RD,-,2019-09-01 14:15:20
LEO SL,2011-06-17 00:00:00,Carbon Super Leggera,RD,"S, M, L, XL (4)",17.06.2011,DEVI-LEO-RD,-,2019-09-01 14:15:20
MADONE 4 SERIES,2011-06-15 00:00:00,Bontrager Race Lite E2,RD,44 - 62 (9),15.06.2011,TREK-MAD4-RD,-,2019-09-01 14:15:20
SPEED CONCEPT 9 SERIES,2011-06-14 00:00:00,Speed concept 9 Series, , , , , ,2019-09-01 14:15:20
MADONE 3 SERIES,2011-06-03 00:00:00,Bontrager SC KVF Full, , , , , ,2019-09-01 14:15:20
AEROSTORM,2011-06-03 00:00:00,LPF01,TT, , , ,LAPI-LPF1-RD,2019-09-01 14:15:20
TCR ADV SL ISP,2011-06-01 00:00:00, , , , , , ,2019-09-01 14:15:20
TCR ADV SL REG,2011-06-01 00:00:00, , , , , , ,2019-09-01 14:15:20
JONATHAN GREENE,2011-05-30 00:00:00,Team Greene,RD,custom-built,30.05.2011,JONA-GREE-RD,-,2019-09-01 14:15:20
NOAH IBS,2011-05-26 00:00:00,IBS Fork,RD,XS - XL (5),26.05.2011,RID-NOAH-RD,-,2019-09-01 14:15:20
MR.T,2011-05-25 00:00:00,Mr.T,TT,500 - 590 (4),25.05.2011,SIMP-MRT-TT,SIMP-MRT-TT,2019-09-01 14:15:20
RD,2011-05-23 00:00:00,RD,RD,custom-built,23.05.2011,ZANC-RD-RD,-,2019-09-01 14:15:20
PAVO,2011-05-20 00:00:00,S9.1,RD,50 - 65 (6),20.05.2011,SIMP-PAVO-RD,-,2019-09-01 14:15:20
SERUM,2011-05-20 00:00:00,Simplon Serum,RD,48 - 62 (5),20.05.2011,SIMP-SERU-RD,-,2019-09-01 14:15:20
LOGOS,2011-05-19 00:00:00,LOGOS,RD,XS - XL (5),19.05.2011,DIAM-LGS-RD,-,2019-09-01 14:15:20
FOCUS CAYO EVO 2012,2011-05-16 00:00:00,FOCUS Cayo Evo, , , , , ,2019-09-01 14:15:20
CX,2011-05-13 00:00:00,CX,CX,custom-built,13.05.2011,ZANC-CX-CX,-,2019-09-01 14:15:20
RICHARD SACHS,2011-05-11 00:00:00,Richard Sachs, , , , , ,2019-09-01 14:15:20
TEE TEE,2011-05-10 00:00:00,Tee Tee,TT,"S, M, L (3)",10.05.2011,KOGA-TEE-TT,-,2019-09-01 14:15:20
FOIL,2011-05-09 00:00:00,Foil,RD,XXS - XXL (7),09.05.2011,SCOT-FOIL-RD,-,2019-09-01 14:15:20
R10 SUPERLITE,2011-05-06 00:00:00,FF4,RD,XS - XXL (6),06.05.2011,FOND-R10-RD,-,2019-09-01 14:15:20
2 SERIES ALUMINUM,2011-05-06 00:00:00,Bontrager Race,RD,44 - 64 (10),06.05.2011,TREK-MAD2-RD,-,2019-09-01 14:15:20
TF2 1.0,2011-04-20 00:00:00,FK - TF3,RD,XXS - XXL (7),20.04.2011,FOND-TF2-RD,-,2019-09-01 14:15:20
FPUNO  NEOR T6,2011-04-18 00:00:00,ONDA UD / ONDA,RD,440 - 620 (9),18.04.2011,PINA-FUNO-RD,-,2019-09-01 14:15:20
MADONE 5 6 6LL,2011-04-18 00:00:00,"Madone 5, 6, 6LL", , , , , ,2019-09-01 14:15:20
THINK2  RAZHA K,2011-04-13 00:00:00,ONDA ROKH / ONDA,RD,430 - 570 (7),13.04.2011,PINA-F747-RD,-,2019-09-01 14:15:20
TK,2011-04-07 00:00:00,TK,TR,52 - 60 (4),07.04.2011,FELT-TK1-TR,-,2019-09-01 14:15:20
FPDUE  RAZHA,2011-03-31 00:00:00,ONDA,RD,440 - 590 (7),31.03.2011,PINA-F737-RD,-,2019-09-01 14:15:20
FPQUATTRO  PARIS,2011-03-21 00:00:00,ONDA FPK1,RD,425 - 595 (14),21.03.2011,PINA-F757-RD,-,2019-09-01 14:15:20
E116,2011-03-15 00:00:00,E-116,TT,49 - 55 (4),15.03.2011,AR18-E116-TT,AR18-E116-TT,2019-09-01 14:15:20
E118,2011-03-15 00:00:00,E-118,TT,49 - 55 (4),15.03.2011,AR18-E118-TT,AR18-E118-TT,2019-09-01 14:15:20
SLICE RS,2011-03-14 00:00:00,Slice RS,TT,50 - 58 (5),14.03.2011,CANN-SLICE-TT,CANN-SLICE-TT,2019-09-01 14:15:20
PLASMA 3,2011-03-11 00:00:00,Plasma 3,TT,"S, M, L (3)",11.03.2011,SCOT-PLA3-TT,-,2019-09-01 14:15:20
65.1 THINK2,2011-03-09 00:00:00, , , , , , ,2019-09-01 14:15:20
SUPER SIX EVO,2011-03-04 00:00:00,Super Six Evo,RD,48 - 63 (9),04.03.2011,CANN-S6E-RD,CANN-S6E-RD,2019-09-01 14:15:20
VIF,2011-03-03 00:00:00,Corima Fork,TR,49 - 61 (custom-built),03.03.2011,CORI-VIF-TR,CORI-VIF-TR,2019-09-01 14:15:20
DA,2011-03-03 00:00:00,TT,FELT-BAY4-TT, , , , ,2019-09-01 14:15:20
(C1605408),NaT,(C1605408), , , , , ,2019-09-01 14:15:20
2015,NaT, , , , , , ,2019-09-01 14:15:20
ADV RIM BRAKE MY19,NaT, , , , , , ,2019-09-01 14:15:20
ANGLIRU,NaT, , , , , , ,2019-09-01 14:15:20
CALIPER,NaT,E2, , , , , ,2019-09-01 14:15:20
CANTI,NaT,canti, , , , , ,2019-09-01 14:15:20
CARBON,NaT, , , , , , ,2019-09-01 14:15:20
CARBON DISC,NaT, , , , , , ,2019-09-01 14:15:20
CARRERA SL950,NaT, , , , , , ,2019-09-01 14:15:20
CENTO10PRO,NaT,CENTO10PRO, , , , , ,2019-09-01 14:15:20
CENTO10PRO DISC,NaT,CENTO10PRO DISC, , , , , ,2019-09-01 14:15:20
CONCEPT R1,NaT,CONCEPT R1, , , , , ,2019-09-01 14:15:20
CONQUEST PRO,NaT, , , , , , ,2019-09-01 14:15:20
CRUX CARBON CANTI,NaT,Crux Carbon Canti, , , , , ,2019-09-01 14:15:20
DEFY ADV MY19,NaT, , , , , , ,2019-09-01 14:15:20
DISC,NaT, , , , , , ,2019-09-01 14:15:20
DISC BRAKE,NaT,Carbon DISC fork, , , , , ,2019-09-01 14:15:20
DISC MY19,NaT, , , , , , ,2019-09-01 14:15:20
DISC R052,NaT,One One Four SLXDisc F043,CANY-F043-RD, , , ,CANY-F043-RD,2019-09-01 14:15:20
DISC R055,NaT,One One Four SLXDisc F043,CANY-F043-RD, , , ,CANY-F043-RD,2019-09-01 14:15:20
DISC R057,NaT,One One Eight SL Disc F044,CANY-F044-RD, , , ,CANY-F044-RD,2019-09-01 14:15:20
DIVA CAPELLA,NaT,& DIVA Capella, , , , , ,2019-09-01 14:15:20
DOGMA 65.1,NaT, , , , , , ,2019-09-01 14:15:20
DOGMA F10 XLIGHT,NaT,Dogma F10 X-LIGHT, , , , , ,2019-09-01 14:15:20
DOGMA2  DOGMA,NaT, , , , , , ,2019-09-01 14:15:20
DOMANE 1 2 3,NaT, , , , , , ,2019-09-01 14:15:20
DOMANE ROUBAIX,NaT, , , , , , ,2019-09-01 14:15:20
E118 TRI,NaT,E-118 Tri+, , , , , ,2019-09-01 14:15:20
EGM RR 13,NaT, , , , , , ,2019-09-01 14:15:20
EGM RR15,NaT, , , , , , ,2019-09-01 14:15:20
ELEMENT SL,NaT,ELEMENT SL, , , , , ,2019-09-01 14:15:20
ELEMENT SL DISC,NaT,Element SL Disc, , , , , ,2019-09-01 14:15:20
ENVIE ADVANCED,NaT,TCX Adv disc 15mm, , , , , ,2019-09-01 14:15:20
ENVILIV ADV PRO DISC,NaT, , , , , , ,2019-09-01 14:15:20
FENIX SLX DISC,NaT,Fenix SLX Disc, , , , , ,2019-09-01 14:15:20
FLITE MSD700 DY17,NaT,Flite CA Fork DY17, , , , , ,2019-09-01 14:15:20
FOCUS IZALCO RACE,NaT,FOCUS Izalco Race, , , , , ,2019-09-01 14:15:20
GALLIUM CALIPER,NaT, , , , , , ,2019-09-01 14:15:20
GALLIUM DISC,NaT, , , , , , ,2019-09-01 14:15:20
GAN RS,NaT,Gan RS, , , , , ,2019-09-01 14:15:20
GTS TEAM  GTS SL,NaT,GTS Team / GTS SL, , , , , ,2019-09-01 14:15:20
HELIUM X,NaT,Helium X, , , , , ,2019-09-01 14:15:20
KING,NaT,KING, , , , , ,2019-09-01 14:15:20
KING DISK,NaT,KING DISK, , , , , ,2019-09-01 14:15:20
KRYPTON GF,NaT,KRYPTON GF /, , , , , ,2019-09-01 14:15:20
KRYPTON PRO,NaT,KRYPTON PRO, , , , , ,2019-09-01 14:15:20
KÜDÜ DISC,NaT,Küdü Disc, , , , , ,2019-09-01 14:15:20
LCR,NaT,LCF,LAIL-LCR-RD,LAIL-LCF-RD, ,LAIL-LCR-RD,LAIL-LCF-RD,2019-09-01 14:15:20
LIGHT,NaT,LIGHT, , , , , ,2019-09-01 14:15:20
MARVEL  RAZHA,NaT, , , , , , ,2019-09-01 14:15:20
MAX,NaT,MAX, , , , , ,2019-09-01 14:15:20
MIRACLE,NaT, , , , , , ,2019-09-01 14:15:20
MIRACLE DUSC,NaT,Miracle Dusc, , , , , ,2019-09-01 14:15:20
MY17,NaT, , , , , , ,2019-09-01 14:15:20
MY18,NaT, , , , , , ,2019-09-01 14:15:20
MY19,NaT, , , , , , ,2019-09-01 14:15:20
MY2012,NaT, , , , , , ,2019-09-01 14:15:20
MY2014,NaT, , , , , , ,2019-09-01 14:15:20
MY2017,NaT, , , , , , ,2019-09-01 14:15:20
MY2018 DISC,NaT,"carbon disc, E2", , , , , ,2019-09-01 14:15:20
NORCROSS EX AERO,NaT, , , , , , ,2019-09-01 14:15:20
OLTRE XR,NaT, , , , , , ,2019-09-01 14:15:20
OLTRE XR1,NaT, , , , , , ,2019-09-01 14:15:20
PARIS 50.1 THINK2,NaT, , , , , , ,2019-09-01 14:15:20
PRINCE DISK FX,NaT,PRINCE DISK FX, , , , , ,2019-09-01 14:15:20
PRINCE FX,NaT,PRINCE FX, , , , , ,2019-09-01 14:15:20
PRO  GALLIUM CS,NaT,GA31-CS, , , , , ,2019-09-01 14:15:20
PROFESSIONAL,NaT,Professional, , , , , ,2019-09-01 14:15:20
PROPEL ADV PRO RIM,NaT, , , , , , ,2019-09-01 14:15:20
R049,NaT, , , , , , ,2019-09-01 14:15:20
R050,NaT, , , , , , ,2019-09-01 14:15:20
R051,NaT, , , , , , ,2019-09-01 14:15:20
R056,NaT, , , , , , ,2019-09-01 14:15:20
R059,NaT,One One Four SLX Disc F055,CANY-F055-RD, , , ,CANY-F055-RD,2019-09-01 14:15:20
R2,NaT,R2 Fork, , , , , ,2019-09-01 14:15:20
R3  R2,NaT,FK46,CERV-FK46-RD, , , ,CERV-FK46-RD,2019-09-01 14:15:20
RFC502X,NaT, , , , , , ,2019-09-01 14:15:20
RIM,NaT,Rim, , , , , ,2019-09-01 14:15:20
RIM  DISC,NaT,Rim & Disc, , , , , ,2019-09-01 14:15:20
RIM BRAKE,NaT,Carbon fork, , , , , ,2019-09-01 14:15:20
RL9,NaT,RL9, , , , , ,2019-09-01 14:15:20
ROKH  ROKH 30.12,NaT, , , , , , ,2019-09-01 14:15:20
RR 13,NaT, , , , , , ,2019-09-01 14:15:20
RS8 MY 2017,NaT,RS8 MY 2017, , , , , ,2019-09-01 14:15:20
SBC CONCEPT R1.0,NaT,SBC CONCEPT R1.0 /, , , , , ,2019-09-01 14:15:20
SBC CONCEPT R1.1,NaT,SBC CONCEPT R1.1, , , , , ,2019-09-01 14:15:20
SCALERA 1  SCALERA,NaT,SCALERA 1 / SCALERA, , , , , ,2019-09-01 14:15:20
SCALERA PRO  SBC,NaT,SCALERA PRO / SBC, , , , , ,2019-09-01 14:15:20
SCYLON,NaT,TFP02,TIME-SCY-RD,TIME-TFP2-RD, ,TIME-SCY-RD,TIME-TFP2-RD,2019-09-01 14:15:20
SEAN KELLY VRI,NaT, , , , , , ,2019-09-01 14:15:20
SIGNATUREAE,NaT,SIGNATURE-AE, , , , , ,2019-09-01 14:15:20
SIRELLI 1,NaT,SIRELLI 1 /, , , , , ,2019-09-01 14:15:20
SIRELLI 2,NaT,SIRELLI 2 /, , , , , ,2019-09-01 14:15:20
STINGER R,NaT,STINGER R, , , , , ,2019-09-01 14:15:20
SUPER VELOCE,NaT,Super Veloce, , , , , ,2019-09-01 14:15:20
SUPER VELOCE RRC,NaT,Super Veloce RRC, , , , , ,2019-09-01 14:15:20
SUPER VELOCE SL,NaT,Super Veloce SL, , , , , ,2019-09-01 14:15:20
TIME MACHINE ROAD,NaT,Time Machine Road, , , , , ,2019-09-01 14:15:20
TR225,NaT, , , , , , ,2019-09-01 14:15:20
TR426,NaT, , , , , , ,2019-09-01 14:15:20
TR821,NaT, , , , , , ,2019-09-01 14:15:20
TRACK,NaT, , , , , , ,2019-09-01 14:15:20
TT729,NaT, , , , , , ,2019-09-01 14:15:20
TWIN BLADE,NaT,Twin Blade, , , , , ,2019-09-01 14:15:20
VELO,NaT,Velo, , , , , ,2019-09-01 14:15:20
VITESSE  VITESSE VR,NaT, , , , , , ,2019-09-01 14:15:20
VITESSE VRI  VITESSE,NaT, , , , , , ,2019-09-01 14:15:20
XLITE CW,NaT,EGR-FK-03, , , , , ,2019-09-01 14:15:20
XLITE TEAMCRS,NaT,X-Lite TEAM/CRS, , , , , ,2019-09-01 14:15:20
XNIGHT SL,NaT, , , , , , ,2019-09-01 14:15:20
XNIGHT SL DISC,NaT,X-Night SL Disc, , , , , ,2019-09-01 14:15:20
XNIGHT SL DISC 7E1,NaT, , , , , , ,2019-09-01 14:15:20
