,Frame name,Datetime,Fork name,Disc.,Sizes,date,Frame code,Fork code,RefreshTimeUTC
0,EMONDA SLR MY21,2020-08-22 00:00:00,EMONDA SLR MY21,RD,47 - 62 (8),22.08.2020,TREK-058-RD,TREK-058-RD,2020-06-24 20:42:04
1,EMONDA SL MY21,2020-08-22 00:00:00,EMONDA SL MY21,RD,47 - 62 (8),22.08.2020,TREK-059-RD,TREK-059-RD,2020-06-24 20:42:04
2,MIRAI 2021 DISC,2020-06-12 00:00:00,RD,MIRAI 2021 DISC,46 – 54 (5),12.06.2020,KAZE-MIRD-RD,KAZE-MIRD-RD,2020-06-24 20:42:04
3,RD,2020-03-26 00:00:00, , , , , , ,2020-06-24 20:42:04
4,ULTRA_DB_20,2020-03-26 00:00:00,RD,ULTRAF_DB_20,XXS - XL (6),26.03.2020,VRSL-UD20-RD,VRSL-UD20-RD,2020-06-24 20:42:04
5,INTEGRATED 01,2020-03-04 00:00:00,RD,ROAD CL/INT 01,Custom,04.03.2020,EXC-INT1-RD,EXC-CLIN-RD,2020-06-24 20:42:04
6,CLASSIC 01,2020-03-04 00:00:00,RD,ROAD CL/INT 01,Custom,04.03.2020,EXC-CL1-RD,EXC-CLIN-RD,2020-06-24 20:42:04
7,TT,2020-03-02 00:00:00, , , , , , ,2020-06-24 20:42:04
8,ORCA 2021,2020-02-21 00:00:00,ORCA 2021,RD,47 - 60 (7),ORB-ORC10-RD,21.02.2020,ORB-ORC10-RD,2020-06-24 20:42:04
9,EPIC,2020-02-13 00:00:00,RD,EPIC,XS - XL (5),13.02.2020,DIZO-EPC-RD,DIZO-EPC-RD,2020-06-24 20:42:04
10,KANSAI 2020 RIMBRAKE,2020-01-27 00:00:00,RD,KANSAI 2020 RIMBRAKE,44 – 54 (5),27.01.2020,KAZE-KAN-RD,KAZE-KAN-RD,2020-06-24 20:42:04
11,TR,2020-01-24 00:00:00,ULTRA,XS - XXL (6),XXS - M (4), , , ,2020-06-24 20:42:04
12,GEPIN 4.0,2020-01-23 00:00:00,RD,GEPIN 4.0,430 - 585 (6),23.01.2020,OLMO-GEP-RD,OLMO-GEP-RD,2020-06-24 20:42:04
13,SLICK DISC,2020-01-09 00:00:00,TT,FK-09,S - XL (4),09.01.2020,FACT-SLD-RD,FACT-SLD-RD,2020-06-24 20:42:04
14,SCAROSSO,2020-01-08 00:00:00,RD,SCAROSSO AID,48 - 58 (6),08.01.2020,SILV-SCAR-RD,SILV-SCAR-RD,2020-06-24 20:42:04
15,ZENIUM EVO,2019-12-31 00:00:00,RD,ZENIUM FK,XS – XXL (6),31.12.2019,VITU-ZEVO-RD,VITU-ZEVO-RD,2020-06-24 20:42:04
16,ENERGIE EVO,2019-12-31 00:00:00,CX,ENERGIE FK,XS – XL (5),31.12.2019,VITU-ENEV-CX,VITU-ENEV-CX,2020-06-24 20:42:04
17,KANSAI 2020 DISC,2019-12-11 00:00:00,RD,KANSAI 2020 DISC,44 – 54 (5),11.12.2019,KAZE-KAND-RD,KAZE-KAND-RD,2020-06-24 20:42:04
18,CROSS RACE 20,2019-12-02 00:00:00,CX,CROSS RACE 20,50 – 61 (5),02.12.2019,CUBE-CR20-CX,CUBE-CR20-CX,2020-06-24 20:42:04
19,SRSERIES,2019-11-28 00:00:00,RD,SR-SERIES,XS - XXL (6),28.11.2019,QUIN-SR-RD,QUIN-SR-RD,2020-06-24 20:42:04
20,THUNDERDOME 19,2019-11-27 00:00:00,TR,WHISKY PARTS CO.NO7 ROAD FORK,46 - 61 (6),27.11.2019,ACIT-THND-TR,ACIT-THND-TR,2020-06-24 20:42:04
21,FELTTKFRTR,2019-11-19 00:00:00,TK FRD,TK FRD,TR,51 - 62 (5),19.11.2019,FELT-TKFR-TR,2020-06-24 20:42:04
22,WXR VORTEQ,2019-11-19 00:00:00,TR,WX-R VORTEQ,S - L (3),19.11.2019,WORX-WVOR-TR,WORX-WVOR-TR,2020-06-24 20:42:04
23,TRACK2,2019-11-05 00:00:00,TR,TRACK2,XXS - M (4),05.11.2019,DER-TR2-TR,DER-TR2-TR,2020-06-24 20:42:04
24,TRACK1,2019-11-05 00:00:00,TR,TRACK1,480 - 580 (5),05.11.2019,DER-TR1-TR,DER-TR1-TR,2020-06-24 20:42:04
25,ZOLDER PRO MY2020,2019-10-08 00:00:00, , , , , ,Norcross SL Aero /,2020-06-24 20:42:04
26,HOPE-HTF2-TR,2019-10-07 00:00:00,TR,HTF02-0,LOTUS TYPE 129,07.10.2019,HOPE-HTF2-TR,LOT-129-TR,2020-06-24 20:42:04
27,TXT PRO,2019-10-07 00:00:00,TR,TXT PRO,XS - M (3),07.10.2019,WIA-TXTP-TR,WIA-TXTP-TR,2020-06-24 20:42:04
28,CX,2019-10-03 00:00:00, , , , , , ,2020-06-24 20:42:04
29,CX20,2019-09-27 00:00:00,CX,CX20,XS - L (4),27.09.2019,VRSL-CX20-CX,VRSL-CX20-CX,2020-06-24 20:42:04
30,FK0073 FK0076,2019-09-26 00:00:00,RD,2XS - 2XS (8),26.09.2019,CANY-R056-RD,CANY-F060-RD,AEROAD CF SLX R081,2020-06-24 20:42:04
31,FK0060,2019-09-26 00:00:00,FK0060,RD,2XS - 2XL (8),26.09.2019,CANY-R056-RD,CANY-F060-RD,2020-06-24 20:42:04
32,"FK0073, FK0076",2019-09-26 00:00:00,"FK0073, FK0076",RD,XS - 2XL (9),26.09.2019,CANY-R056-RD,CANY-F060-RD,2020-06-24 20:42:04
33,ALTO HAMA,2019-09-24 00:00:00,RD,ALTO HAMA,44 - 56 (6),24.09.2019,TCH-AHAM-RD,TCH-AHAM-RD,2020-06-24 20:42:04
34,MONAMI,2019-09-23 00:00:00,RD,MONAMI,45 - 54 (5),23.09.2019,TCH-MON-RD,TCH-MON-RD,2020-06-24 20:42:04
35,F07 DISC,2019-08-26 00:00:00,RD,F07 DISC,52 - 58 (4),26.08.2019,TCH-F07-RD,TCH-F07-RD,2020-06-24 20:42:04
36,KANON 2019 DISC,2019-08-12 00:00:00,RD,Kanon 2019 Disc,44 – 54 (5),12.08.2019,KAZE-KAND-RD,KAZE-KAND-RD,2020-06-24 20:42:04
37,A01,2019-08-12 00:00:00,RD,A01 Fork,44 - 58 (7),12.08.2019,DEV-A01-RD,DEV-A01F-RD,2020-06-24 20:42:04
38,RONINR DISC,2019-08-12 00:00:00,RD,Ronin-R Disc,45 – 52 (4),12.08.2019,KAZE-RORD-RD,KAZE-RORD-RD,2020-06-24 20:42:04
39,NEW SK PINIFARINADISK,2019-08-07 00:00:00,RD,NEW SK PINIFARINADISK,460 - 600 (8),07.08.2019,DER-NSPD-RD,DER-NSPD-RD,2020-06-24 20:42:04
40,NEO_20,2019-08-07 00:00:00,RD,NEOF_20,XXS - XL (6),07.08.2019,VRSL-N20-RD,VRSL-N20F-RD,2020-06-24 20:42:04
41,ULTRA_20,2019-08-05 00:00:00,RD,ULTRAF_20,XXS - XL (6),05.08.2019,VRSL-U20-RD,VRSL-U20F-RD,2020-06-24 20:42:04
42,2020 ELECTRON PRO,2019-07-26 00:00:00,TR,2020 ELECTRON PRO,S - L (3),26.07.2019,AR18-PVM-TR,AR18-PVM-TR,2020-06-24 20:42:04
43,Z88,2019-07-22 00:00:00,TT,Z88,50 - 60 (6),22.07.2019,ZAN-Z88-RD,ZAN-Z88-RD,2020-06-24 20:42:04
44,MACHO KING,2019-07-17 00:00:00,CX,MACHO KING,46 - 61 (6),17.07.2019,ACIT-MKIN-CX,ACIT-MKIN-CX,2020-06-24 20:42:04
45,NATURE BOY,2019-07-17 00:00:00,CX,NATURE BOY,46 - 61 (6),17.07.2019,ACIT-NBOY-CX,ACIT-NBOY-CX,2020-06-24 20:42:04
46,INFINITO XE,2019-06-19 00:00:00,INFINITO XE,RD,47 - 61 (7),19.06.2019,BIAN-INXE-RD,BIAN-INXE-RD,2020-06-24 20:42:04
47,O2V2 RIM,2019-06-18 00:00:00,RD,FK-07,49 - 61 (6),18.06.2019,FACT-02V-RD,FACT-02V-RD,2020-06-24 20:42:04
48,GIAN-027-RD,2019-06-14 00:00:00,RD,TCR Adv SL MY21 Disc,XS - XL (6),14.06.2019,GIAN-027-RD,GIAN-027-RD,2020-06-24 20:42:04
49,AEROLIGHT DISC,2019-06-07 00:00:00,RD,Aerolight Disc,S - XL (4),07.06.2019,BHB-AERD-TT,BHB-AERD-TT,2020-06-24 20:42:04
50,O2V2 DISC,2019-05-27 00:00:00,RD,FK-08,49 - 61 (6),27.05.2019,FACT-02VD-RD,FACT-02VD-RD,2020-06-24 20:42:04
51,REVEAL DISC,2019-05-16 00:00:00,RD,REVEAL FORK DISC,50 - 64 (7),16.05.2019,ROSE-RVLD-RD,ROSE-RVLD-RD,2020-06-24 20:42:04
52,REVEAL,2019-05-16 00:00:00,RD,REVEAL FORK,50 - 64 (7),16.05.2019,ROSE-RVL-RD,ROSE-RVL-RD,2020-06-24 20:42:04
53,CINE-VLTD-RD,2019-05-16 00:00:00,RD,VELTRIX Disc,VELTRIX Fork Disc,16.05.2019,CINE-VLTD-RD,CINE-VLTD-RD,2020-06-24 20:42:04
54,G8 DISC,2019-05-13 00:00:00,RD,G8 Disc,XS - XL (5),13.05.2019,BHB-G8D-RD,BHB-G8D-RD,2020-06-24 20:42:04
55,HELIUM S LX DISC,2019-05-06 00:00:00,RD,Helium SLX Disc,XXS - XL (6),06.05.2019,RID-HSLD-RD,RID-HSLD-RD,2020-06-24 20:42:04
56,NEW MERAK DISC,2019-04-18 00:00:00,RD,NEW MERAK DISC,43 - 58 (8),18.04.2019,DER-MERD-RD,DER-MERD-RD,2020-06-24 20:42:04
57,R928 NEW IDOL DISC,2019-04-18 00:00:00,RD,R928 NEW IDOL DISC,437 - 565 (6),18.04.2019,DER-IDLD-RD,DER-IDLD-RD,2020-06-24 20:42:04
58,NEW MERAK,2019-04-18 00:00:00,RD,NEW MERAK,43 - 58 (8),18.04.2019,DER-MER-RD,DER-MER-RD,2020-06-24 20:42:04
59,ALPE DHUEZ 21D,2019-04-09 00:00:00,RD,TF05D,XXS – XL (6),09.04.2019,TIME-AH21D-RD,TIME-TF5D-RD,2020-06-24 20:42:04
60,ALPE DHUEZ 01D,2019-04-09 00:00:00,RD,TFP02D,XXS – XL (6),09.04.2019,TIME-AH1D-RD,TIME-TF2D-RD,2020-06-24 20:42:04
61,MARCELLO HP25D,2019-04-09 00:00:00,RD,Marcello HP25D,47 - 59 (7),09.04.2019,RAIK-HP25D-RD,RAIK-HP25D-RD,2020-06-24 20:42:04
62,AFIELD,2019-04-03 00:00:00,RD,AFIELD,XS – XL (6),03.04.2019,SEKA-AFLD-RD,SEKA-AFLD-RD,2020-06-24 20:42:04
63,INDUSTRIE,2019-04-02 00:00:00,RD,Industrie,47-58 (5),02.04.2019,ALLE-INDS-RD,ALLE-INDS-RD,2020-06-24 20:42:04
64,ADDICT RC,2019-03-28 00:00:00,RD,ADDICT RC,47 - 61 (7),28.03.2019,SCOT-ADRC-RD,SCOT-ADRC-RD,2020-06-24 20:42:04
65,E117 TRI DISC,2019-03-27 00:00:00,TR,E-117 TRI DISC,XS - XL (5),27.03.2019,AR18-117D-TT,AR18-117D-TT,2020-06-24 20:42:04
66,ESCAPEE,2019-03-15 00:00:00,RD,Escapee,48-60 (5),15.03.2019,ARC8-ESC-RD,ARC8-ESC-RD,2020-06-24 20:42:04
67,LITENING 20,2019-02-25 00:00:00,RD,LITENING 20,50 – 60 (6),25.02.2019,CUBE-LI20-RD,CUBE-LI20-RD,2020-06-24 20:42:04
68,ELITE SL,2019-02-14 00:00:00,RD,ELITE SL,45 - 60 (8),14.02.2019,ZERO-ESL-RD,ZERO-ESL-RD,2020-06-24 20:42:04
69,FK,2019-02-06 00:00:00,MERI-TWFK-TT,Time WARP TT2,06.02.2019, , , ,2020-06-24 20:42:04
70,VSRU,2019-01-21 00:00:00,RD,VSRu,XXS – XL (6),21.01.2019,DARE-VSRU-RD,DARE-VSRU-RD,2020-06-24 20:42:04
71,SPRINT DISC,2019-01-20 00:00:00,SPRINT Disc,RD,44-61 (8),20.01.2019,BIAN-SPRD-RD,BIAN-SPRD-RD,2020-06-24 20:42:04
72,AVAIL ADV DISC MY20,2019-01-18 00:00:00,RD,Avail Adv Disc MY20,XXS - L (5),18.01.2019,GIAN-025-RD,GIAN-025-RD,2020-06-24 20:42:04
73,ORCA 2020,2019-01-14 00:00:00,ORCA 2020,RD,47 - 60 (7),ORB-ORC9-RD,14.01.2019,ORB-ORC9-RD,2020-06-24 20:42:04
74,STEALTH,2019-01-14 00:00:00,RD,FK-STLT,XS-XL (5),14.01.2019,PYTH-STLT-RD,PYTH-STLT-RD,2020-06-24 20:42:04
75,CROCKETT MY20,2018-12-21 00:00:00,Crockett MY20,CX,47 - 61 (7),21.12.2018,TREK-055-CX,TREK-055-CX,2020-06-24 20:42:04
76,007 ROAD,2018-12-14 00:00:00,RD,007 Road,46 – 58 (5),14.12.2018,AST-007-RD,AST-007-RD,2020-06-24 20:42:04
77,FEROCE DISC,2018-12-14 00:00:00,RD,Feroce Disc,43 – 58 (8),14.12.2018,JAVA-FERD-RD,JAVA-FERD-RD,2020-06-24 20:42:04
78,RONIN  R,2018-12-14 00:00:00,RD,Ronin - R,45 – 52 (5),14.12.2018,KAZE-ROR-RD,KAZE-ROR-RD,2020-06-24 20:42:04
79,AURO,2018-11-30 00:00:00,TT,AURO,XS – L (4),30.11.2018,VITU-AURO-TT,VITU-AURO-TT,2020-06-24 20:42:04
80,DREAMLINE,2018-11-28 00:00:00,RD,DREAMLINE,XS/S/M/L/XL,28.11.2018,ADRI-DRM-RD,ADRI-DRM-RD,2020-06-24 20:42:04
81,HP25,2018-11-27 00:00:00,RD,HP25,47 - 59 (7),27.11.2018,RAIK-HP25-RD,RAIK-HP25-RD,2020-06-24 20:42:04
82,SLIKER PRO,2018-11-27 00:00:00,RD,Sliker Pro,48 – 60 (5),27.11.2018,THOM-SPRO-RD,THOM-SPRO-RD,2020-06-24 20:42:04
83,AJ1 DISC,2018-11-23 00:00:00,RD,AJ-1 Disc,46.5 - 56 (4),23.11.2018,WDN-AJ1D-RD,WDN-AJ1D-RD,2020-06-24 20:42:04
84,Roadmachine 20,2018-11-14 00:00:00,Roadmachine 20,Roadmachine 20 RD,47 - 61 (6),14.11.2018,BMC-RDMA-RD,BMC-RDMA-RD,2020-06-24 20:42:04
85,SPRINT,2018-11-01 00:00:00,SPRINT,RD,44-61 (8),01.11.2018,BIAN-SPR-RD,BIAN-SPR-RD,2020-06-24 20:42:04
86,MR1S DB,2018-10-29 00:00:00,RD,MR1s DB,XXXS – XXL (8),29.10.2018,DARE-MR1D-RD,DARE-MR1D-RD,2020-06-24 20:42:04
87,E118 PROE118 TRI,2018-10-15 00:00:00,TT,E-118 ProE-118 Tri+,XS - XL (5),15.10.2018,AR18-TT06-TT,AR18-TT06-RD,2020-06-24 20:42:04
88,STREAMLINE,2018-10-09 00:00:00,RD,STREAMLINE,XS/S/M/L/XL,09.10.2018,ADRI-STR-RD,ADRI-STR-RD,2020-06-24 20:42:04
89,BTB,2018-10-03 00:00:00,TR,BTB,52 – 62 (6),03.10.2018,DIXI-BTB-TR,DIXI-BTB-TR,2020-06-24 20:42:04
90,FELTARRD,2018-09-27 00:00:00,AR,AR,RD,48 - 61 (6),27.09.2018,FELT-AR-RD,2020-06-24 20:42:04
91,BSC-PRP-TR,2018-09-25 00:00:00,TR,SS - L (4),25.09.2018,BSC-PRP-TR,BSC-PRP-TR,PRP,2020-06-24 20:42:04
92,EMONDA ALR DISC,2018-09-18 00:00:00,Emonda ALR Disc,RD,47 - 64 (9),18.09.2018,TREK-054-RD,TREK-054-RD,2020-06-24 20:42:04
93,EMONDA ALR CALIPER,2018-09-18 00:00:00,Emonda ALR Caliper,RD,44 - 62 (9),18.09.2018,TREK-053-RD,TREK-053-RD,2020-06-24 20:42:04
94,RACE KANON,2018-09-13 00:00:00,RD,Race Kanon,44 - 54 (5),13.09.2018,KAZE-RKAN-RD,KAZE-RKAN-RD,2020-06-24 20:42:04
95,AEROFLIGHT,2018-08-29 00:00:00,RD,AEROFLIGHT,XS - L (4),29.08.2018,YON-AERO-RD,YON-AERO-RD,2020-06-24 20:42:04
96,ZERO LTD,2018-08-20 00:00:00,RD,ZERO LTD,XS - XXL (6),20.08.2018,WIL-ZER3-RD,WIL-ZER3-RD,2020-06-24 20:42:04
97,INFINITO CV DISC,2018-08-17 00:00:00,INFINITO CV DISC,RD,470 - 610 (7),17.08.2018,BIAN-INF3-RD,BIAN-INF3-RD,2020-06-24 20:42:04
98,F TEMPO,2018-08-13 00:00:00,TT,F TEMPO,500 - 560 (4),13.08.2018,FARA-FTP-TT,FARA-FTP-TT,2020-06-24 20:42:04
99,NS1,2018-07-03 00:00:00,RD,NS1,XS - XL (6),03.07.2018,VENT-NS1-RD,VENT-NS1-RD,2020-06-24 20:42:04
100,ZOLDER PRO,2018-05-30 00:00:00,CX,ZOLDER PRO,48 - 58 (6),30.05.2018,BIAN-ZOL2-CX,BIAN-ZOL2-CX,2020-06-24 20:42:04
101,CENTO 1 NDR,2018-05-17 00:00:00,RD,CENTO 1 NDR,XS - XXL (6),17.05.2018,WIL-CE06-RD,WIL-CE06-RD,2020-06-24 20:42:04
102,AJ62,2018-05-09 00:00:00,RD,AJ-62,45 - 50 (3),09.05.2018,WDN-AJ62-RD,WDN-AJ62-RD,2020-06-24 20:42:04
103,CAPELLA DIVA CAPELLA,2018-05-09 00:00:00,RD,Capella& DIVA Capella,"47,5 - 58,5 (6)",09.05.2018,THOM-CAP-RD,THOM-CAP-RD,2020-06-24 20:42:04
104,NITROGEN DISC,2018-05-07 00:00:00,RD,NITROGEN DISC,XS - XL (5),07.05.2018,AR18-NI02-RD,AR18-NI02-RD,2020-06-24 20:42:04
105,MERX,2018-05-02 00:00:00,RD,MERX,XS - XL (5),02.05.2018,WIBA-MERX-RD,WIBA-MERX-RD,2020-06-24 20:42:04
106,ZERO DISC,2018-04-20 00:00:00,RD,ZERO DISC,XS - XL (5),20.04.2018,GEN-0DI-RD,GEN-0DI-RD,2020-06-24 20:42:04
107,MADONE MY2019RIM BRAKE,2018-04-19 00:00:00,Madone KVF FullCarbon fork,RD,50 - 62 (7),19.04.2018,TREK-051-RD,TREK-051-RD,2020-06-24 20:42:04
108,AERIUM TT 19,2018-04-19 00:00:00,TT,AERIUM TT 19,XS - L (4),19.04.2018,CUBE-AE03-TT,CUBE-AE03-TT,2020-06-24 20:42:04
109,MADONE MY2019DISC BRAKE,2018-04-19 00:00:00,Madone KVF FullCarbon DISC fork,RD,50 - 62 (7),19.04.2018,TREK-052-RD,TREK-052-RD,2020-06-24 20:42:04
110,DEFYADV PRO MY19 DEFY ADV MY19,2018-04-17 00:00:00,RD,DEFY Adv MY19,XS - XL (6),17.04.2018,GIAN-022-RD,GIAN-022-RD,2020-06-24 20:42:04
111,NOAH FAST DISC,2018-04-17 00:00:00,RD,NOAH FAST DISC,XS - XL (5),17.04.2018,RID-021-RD,RID-021-RD,2020-06-24 20:42:04
112,ENVILIV ADV PRO DISCMY19  ENVILIV ADVDISC MY19,2018-04-17 00:00:00,RD,PROPEL Adv discMY18,XXS - L (5),17.04.2018,GIAN-024-RD,GIAN-P18-RD,2020-06-24 20:42:04
113,NOAH FAST,2018-04-17 00:00:00,RD,NOAH FAST,XS - XL (5),17.04.2018,RID-020-RD,RID-020-RD,2020-06-24 20:42:04
114,AIRMAN,2018-04-17 00:00:00,TT,AIRMAN,S - XL (4),17.04.2018,AUTH-AIR-TT,AUTH-AIR-TT,2020-06-24 20:42:04
115,PROPEL ADV PRO RIMBRAKE MY19  PROPELADV RIM BRAKE MY19,2018-04-17 00:00:00,RD,PROPEL Adv rimbrake MY19,XS - XL (6),17.04.2018,GIAN-023-RD,GIAN-023-RD,2020-06-24 20:42:04
116,ORCA AERO DISC 18,2018-04-13 00:00:00,ORCA AERO DISC 18,RD,47 - 60 (7),ORB-ORC8-RD,13.04.2018,ORB-ORC8-RD,2020-06-24 20:42:04
117,Timemachine Road 1,2018-04-13 00:00:00,Timemachine Road 1,Timemachine Road 1 RD,47 - 61 (6),13.04.2018,BMC-TMRD-RD,BMC-TMRD-RD,2020-06-24 20:42:04
118,Timemachine 1 Disc,2018-04-13 00:00:00,Timemachine 1 Disc,Timemachine 1 Disc TT,S - L (4),13.04.2018,BMC-023-TT,BMC-023-TT,2020-06-24 20:42:04
119,ALR 1 Rim,2018-04-11 00:00:00,ALR 1 Rim,TeamMachine RD,47 - 60 (5),11.04.2018,BMC-ALRR-RD,BMC-TEAM-RD,2020-06-24 20:42:04
120,ALR 1 Disc,2018-04-11 00:00:00,ALR 1 Disc,TeamMachine Disc RD,47 - 60 (5),11.04.2018,BMC-ALRD-RD,BMC-SLRD-RD,2020-06-24 20:42:04
121,CARBONEX DISC,2018-03-28 00:00:00,RD,CARBONEX DISC,XXS - M (4),28.03.2018,YON-CADI-RD,YON-CADI-RD,2020-06-24 20:42:04
122,KTM-REV5-RD,2018-03-28 00:00:00, , , , , ,MY19,2020-06-24 20:42:04
123,M8  EOS,2018-03-28 00:00:00,RD,M8 / EOS,440 - 570 (5),28.03.2018,DIZO-M8ES-RD,DIZO-M8ES-RD,2020-06-24 20:42:04
124,501R-BIC1-TR,2018-03-22 00:00:00,TR,Bicycle 1,SM - LG (19),22.03.2018,501R-BIC1-TR,DOL-DF4-TR,2020-06-24 20:42:04
125,ALPE DHUEZ 21,2018-03-19 00:00:00,RD,TFP02,S - M (2),19.03.2018,TIME-AH21-RD,TIME-TFP2-RD,2020-06-24 20:42:04
126,TSR,2018-03-15 00:00:00,TT,TSR+,XXS - L (5),15.03.2018,DARE-TSR-TT,DARE-TSR-TT,2020-06-24 20:42:04
127,PROTOS MY2017DISC,2018-02-27 00:00:00,RD,PROTOS MY2017DISC,XXS - XXXL (8),27.02.2018,DER-PRO3-RD,DER-PRO3-RD,2020-06-24 20:42:04
128,DOMANE SL DISC,2018-02-25 00:00:00,ISO Speed full carbonE2 Disc mount,RD,47 - 62 (8),25.02.2018,TREK-056-RD,TREK-ISFD-RD,2020-06-24 20:42:04
129,DOMANE SLR DISC,2018-02-25 00:00:00,Domane SLR Disc,RD,47 - 62 (8),25.02.2018,TREK-057-RD,TREK-057-RD,2020-06-24 20:42:04
130,PRIDE,2018-02-21 00:00:00,RD,PRIDE,XXS - XL (6),21.02.2018,SIMP-PRID-RD,SIMP-PRID-RD,2020-06-24 20:42:04
131,FALCO 2,2018-02-16 00:00:00,RD,FALCO 2,43 - 58 (7),16.02.2018,JAVA-FAL2-RD,JAVA-FAL2-RD,2020-06-24 20:42:04
132,TURBINE,2018-02-09 00:00:00,TT,TURBINE,S - L (3),09.02.2018,WIL-TURB-TT,WIL-TURB-TT,2020-06-24 20:42:04
133,ONE 2017 DISC,2018-02-07 00:00:00,RD,FK-06,46 - 61 (7),07.02.2018,FACT-ONE2-RD,FACT-ONE2-RD,2020-06-24 20:42:04
134,TT900,2018-01-29 00:00:00,TT,TT900,45 - 56 (5),29.01.2018,PYTH-TT9-TT,PYTH-TT9-TT,2020-06-24 20:42:04
135,ALPE DHUEZ 1,2018-01-24 00:00:00,RD,TFP02,S - M (2),24.01.2018,TIME-AH1-RD,TIME-TFP2-RD,2020-06-24 20:42:04
136,S6,2018-01-24 00:00:00,RD,S6,440 - 570 (5),24.01.2018,DIZO-S6-RD,DIZO-S6-RD,2020-06-24 20:42:04
137,TT 01,2018-01-16 00:00:00,TT,TT 01,500 - 560 (4),16.01.2018,SALC-TT01-TT,SALC-TT01-TT,2020-06-24 20:42:04
138,TR 01,2018-01-16 00:00:00,TR,TR 01,480 - 570 (4),16.01.2018,SALC-TR01-TR,SALC-TR01-TR,2020-06-24 20:42:04
139,FP03,2018-01-11 00:00:00,TR,FP03,S - XL (4),11.01.2018,S1N-FP03-TR,S1N-FP03-TR,2020-06-24 20:42:04
140,ZERO SL,2018-01-04 00:00:00,RD,ZERO SL,XS - XL (5),04.01.2018,GEN-0SL-RD,GEN-0SL-RD,2020-06-24 20:42:04
141,ONE 2017,2017-12-21 00:00:00,RD,FK-02,46 - 61 (7),21.12.2017,FACT-ONE-RD,FACT-ONE-RD,2020-06-24 20:42:04
142,TT03,2017-12-12 00:00:00,TT,TT-03,534 - 575 (4),12.12.2017,DER-TT03-TT,DER-TT03-TT,2020-06-24 20:42:04
143,OLTRE XR3 DISC,2017-10-18 00:00:00,RD,OLTRE XR3 DISC,47 - 61 (7),18.10.2017,BIAN-OL3D-RD,BIAN-OL3D-RD,2020-06-24 20:42:04
144,ATM,2017-10-18 00:00:00, ,isc., , , , ,2020-06-24 20:42:04
145,CORSA DR 2018,2017-09-12 00:00:00,RD,S - XL (6),12.09.2017,AVNT-CDR2-RD,AVNT-CDR2-RD,CORSA DR 2018,2020-06-24 20:42:04
146,XRS 001,2017-09-08 00:00:00,RD,XRS 001,44 - 59 (7),08.09.2017,SALC-XRS1-RD,SALC-XRS1-RD,2020-06-24 20:42:04
147,XLITE 6_4,2017-09-05 00:00:00,RD,X-LITE 6_4,500 - 620 (6),05.09.2017,ROSE-XL04-RD,ROSE-XL04-RD,2020-06-24 20:42:04
148,FOIL DISC,2017-09-04 00:00:00,RD,FOIL Disc,47 - 61 (7),04.09.2017,SCOT-FOD-RD,SCOT-FOD-RDSCOT-FOD1-RD,2020-06-24 20:42:04
149,MOTIVUS MAXIMUSRIM  DISC,2017-08-16 00:00:00,RD,MOTIVUS MAXIMUSRim & Disc,48 - 60 (6),16.08.2017,VADE-MMAX-RD,VADE-MMAX-RD,2020-06-24 20:42:04
150,STRADA,2017-08-15 00:00:00,RD,FUNDI,XS - XL (5),15.08.2017,3T-STR-RD,3T-STR-RD,2020-06-24 20:42:04
151,ARIA DISC,2017-08-14 00:00:00,RD,ARIA Disc,44 - 61 (8),14.08.2017,BIAN-ARD-RD,BIAN-ARD-RD,2020-06-24 20:42:04
152,CAVALIER,2017-08-10 00:00:00,RD,CAVALIER,450 - 580 (7),10.08.2017,JOHN-CAV-RD,JOHN-CAV-RD,2020-06-24 20:42:04
153,O2 DISC,2017-07-28 00:00:00,RD,FK-05,46 - 61 (7),28.07.2017,FACT-O2D-RD,FACT-O2D-RD,2020-06-24 20:42:04
154,XLITE 6_4 DISC,2017-07-27 00:00:00,RD,X-LITE 6_4 Disc,500 - 620 (6),27.07.2017,ROSE-XL03-RD,ROSE-XL03-RD,2020-06-24 20:42:04
155,VITESSE EVO DISC,2017-07-26 00:00:00,RD,Vitesse Evo Disc,49 - 60 (6),26.07.2017,VITU-VIED-RD,VITU-VIED-RD,2020-06-24 20:42:04
156,ZX1 DISC,2017-07-26 00:00:00,RD,ZX1 Disc,49 - 60 (6),26.07.2017,VITU-ZX1D-RD,VITU-ZX1D-RD,2020-06-24 20:42:04
157,DOMINUS,2017-07-13 00:00:00,RD,DOMINUS,430 - 550 (5),13.07.2017,JORB-DOM-RD,JORB-DOM-RD,2020-06-24 20:42:04
158,MARCELLO THP,2017-07-13 00:00:00,TR,Marcello THP,490 - 565 (4),13.07.2017,RAIK-THP-TR,RAIK-THP-TR,2020-06-24 20:42:04
159,KRYPTON MY2018,2017-06-30 00:00:00,RD,KRYPTON MY2018,XXS - XL (6),30.06.2017,AR18-KR2-RD,AR18-KR2-RD,2020-06-24 20:42:04
160,KRYPTON MY2018 KRYPTON CS KRYPTON GF KRYPTON PRO,2017-06-30 00:00:00,RD,KRYPTON MY2018 /KRYPTON CS /KRYPTON GF /KRYPTON PRO,XXS - XL (6),30.06.2017,AR18-KR2-RD,AR18-KR2-RD,2020-06-24 20:42:04
161,AERIUM TT 18,2017-05-29 00:00:00,TT,AERIUM SuperHPCFork,S - L (3),29.05.2017,CUBE-AE18-TT,CUBE-AER-TT,2020-06-24 20:42:04
162,PROPEL ADV SL DISCMY18,2017-05-18 00:00:00,RD,Propel Adv Disc MY18,XS - XL (6),18.05.2017,GIAN-PS18-RD,GIAN-P18-RD,2020-06-24 20:42:04
163,LIV LANGMA ADV DISCMY18,2017-05-18 00:00:00,RD,LIV Langma Adv DiscMY18,XXS - L (5),18.05.2017,GIAN-LD18-RD,GIAN-LD18-RD,2020-06-24 20:42:04
164,LIV LANGMA ADVMY18,2017-05-18 00:00:00,RD,LIVLangma Adv SLMY18,XXS - L (5),18.05.2017,GIAN-L18-RD,GIAN-LS18-RD,2020-06-24 20:42:04
165,PROPEL ADV PRO DISCMY18,2017-05-18 00:00:00,RD,Propel Adv Disc MY18,XS - XL (6),18.05.2017,GIAN-PP18-RD,GIAN-P18-RD,2020-06-24 20:42:04
166,LIV LANGMA ADV SLMY18,2017-05-18 00:00:00,RD,LIV Langma Adv SLMY18,XXS - L (5),18.05.2017,GIAN-LS18-RD,GIAN-LS18-RD,2020-06-24 20:42:04
167,CENTO10AIR DISC CENTO10PRO DISC,2017-05-17 00:00:00,RD,CENTO10AIR DISC /CENTO10PRO DISC,XS - XXL (7),17.05.2017,WIL-C10D-RD,WIL-C10D-RD,2020-06-24 20:42:04
168,TARMAC SL6,2017-04-20 00:00:00,RD,TARMAC SL6,44 - 61 (8),20.04.2017,SPE-TA03-RD,SPE-TA03-RD,2020-06-24 20:42:04
169,G7 PRO,2017-04-06 00:00:00,RD,G7 Pro,XS - XL (5),06.04.2017,BHB-G7P-RD,BHB-G7P-RD,2020-06-24 20:42:04
170,CCT TEAM,2017-04-05 00:00:00,RD,CCT Team,46 - 60 (6),05.04.2017,CORR-CCTT-RD,CORR-CCTT-RD,2020-06-24 20:42:04
171,911 TEAM EDITION,2017-03-29 00:00:00,TT,911 Team Edition,450 - 560 (5),29.03.2017,OLMO-911T-TT,OLMO-911T-TT,2020-06-24 20:42:04
172,AJ1,2017-03-23 00:00:00,RD,AJ-1,46.5 - 56 (4),23.03.2017,WDN-AJ1-RD,WDN-AJ1-RD,2020-06-24 20:42:04
173,FINDER,2017-03-23 00:00:00,RD,FINDER,45 - 56 (6),23.03.2017,ROL-FIND-RD,ROL-FIND-RD,2020-06-24 20:42:04
174,CANY-R056-RD,2017-03-22 00:00:00, , , , , ,R056,2020-06-24 20:42:04
175,ORCA AERO 18,2017-03-22 00:00:00,ORCA AERO 18,RD,47 - 60 (7),ORB-ORC7-RD,22.03.2017,ORB-ORC7-RD,2020-06-24 20:42:04
176,PROTOS MY2017,2017-03-16 00:00:00,RD,PROTOS MY2017,XXS - XXXL (9),16.03.2017,DER-PRO2-RD,DER-PRO2-RD,2020-06-24 20:42:04
177,AERO1,2017-02-28 00:00:00,RD,AERO-1,45 - 58 (7),28.02.2017,PYTH-AER1-RD,PYTH-AER1-RD,2020-06-24 20:42:04
178,CENTO 10 NDR,2017-02-14 00:00:00,RD,CENTO 10 NDR,XS - XXL (6),14.02.2017,WIL-C10N-RD,WIL-C10N-RD,2020-06-24 20:42:04
179,THRESHOLD MK3,2017-02-10 00:00:00,CX,THRESHOLD MK3,48 - 60.5 (6),10.02.2017,NORC-THR3-CX,NORC-THR3-CX,2020-06-24 20:42:04
180,ROUBAIX 17 RIM,2017-02-08 00:00:00,RD,ROUBAIX 17 RIM,52 - 60 (5),08.02.2017,SPE-R17R-RD,SPE-R17R-RD,2020-06-24 20:42:04
181,VELOCE ZEROUNO,2017-02-07 00:00:00,RD,VELOCE ZEROUNO,470 - 580 (5),07.02.2017,OLMO-VEL-RD,OLMO-VEL-RD,2020-06-24 20:42:04
182,SLICK,2017-01-19 00:00:00,TT,SLICK,S - XL (4),19.01.2017,FACT-SLI-TT,FACT-SLI-TT,2020-06-24 20:42:04
183,REBUS,2017-01-16 00:00:00,RD,REBUS,S - XL (4),16.01.2017,DOL-REBU-RD,DOL-REBU-RD,2020-06-24 20:42:04
184,WAWS1,2017-01-05 00:00:00,RD,WAWS-1,XS - L (4),05.01.2017,WIA-WA1-RD,WIA-WA1-RD,2020-06-24 20:42:04
185,CROCKETT MY2018 DISC,2016-12-15 00:00:00,ISO Speed Crosscarbon disc,CX,47 - 61 (7),15.12.2016,TREK-048-CX,TREK-048-CX,2020-06-24 20:42:04
186,EMONDA SLR MY2018CALIPER,2016-12-15 00:00:00,EMONDA SLR FullCarbon E2,RD,47 - 62 (8),15.12.2016,TREK-049-RD,TREK-049-RD,2020-06-24 20:42:04
187,EMONDA SLR MY2018DISC,2016-12-15 00:00:00,EMONDA SLR DiscCarbon E2,RD,47 - 62 (8),15.12.2016,TREK-050-RD,TREK-050-RD,2020-06-24 20:42:04
188,DOMANE AL,2016-12-15 00:00:00,Domane ISO speed,RD,44 - 62 (9),15.12.2016,TREK-047-RD,TREK-047-RD,2020-06-24 20:42:04
189,DOMANE SL MY2018DISC,2016-12-15 00:00:00,"ISO Speed full carbon,E2, Disc",RD,44 - 62 (9),15.12.2016,TREK-045-RD,TREK-045-RD,2020-06-24 20:42:04
190,XNIGHT DISC 7E1XNIGHT SL DISC 7E1,2016-12-14 00:00:00,CX,Oryx Disc 7E1,41 - 58 (7),14.12.2016,RID-XND2-CX,RID-XND2-CX,2020-06-24 20:42:04
191,ARIA,2016-12-13 00:00:00,RD,ARIA,440 - 610 (8),13.12.2016,BIAN-ARIA-RD,BIAN-ARIA-RD,2020-06-24 20:42:04
192,OLTRE XR3,2016-12-13 00:00:00,RD,OLTRE XR3,470 - 610 (7),13.12.2016,BIAN-OL3-RD,BIAN-OL3-RD,2020-06-24 20:42:04
193,ORCA OMR DISC 17,2016-12-08 00:00:00,ORCA OMR DISC 17,RD,47 - 60 (7),ORB-ORC6-RD,08.12.2016,ORB-ORC6-RD,2020-06-24 20:42:04
194,Teammachine Disc,2016-11-24 00:00:00,Teammachine Disc,Teammachine Disc RD,47 - 61 (6),24.11.2016,BMC-SLRD-RD,BMC-SLRD-RD,2020-06-24 20:42:04
195,Teammachine Rim,2016-11-24 00:00:00,Teammachine Rim,Teammachine Rim RD,47 - 61 (6),24.11.2016,BMC-SLRR-RD,BMC-SLRR-RD,2020-06-24 20:42:04
196,HELIUM SLXHELIUM X,2016-10-31 00:00:00,RD,Helium SLXHelium X,XXS - XL (6),31.10.2016,RID-HSLX-RD,RID-HSLX-RD,2020-06-24 20:42:04
197,LEGGERO SL MY 2017,2016-10-27 00:00:00,RD,LEGGERO SL MY 2017,46 - 61 (6),27.10.2016,COND-L2SL-RD,COND-L2SL-RD,2020-06-24 20:42:04
198,LEGGERO MY 2017,2016-10-27 00:00:00,RD,LEGGERO MY 2017,46 - 61 (6),27.10.2016,COND-L2-RD,COND-L2-RD,2020-06-24 20:42:04
199,GALLIUM PRO CALIPER GALLIUM CALIPER,2016-10-25 00:00:00,RD,GA31-CALIPER,XXS - XL (6),25.10.2016,AR18-GAC-RD,AR18-GAC-RD,2020-06-24 20:42:04
200,CORSA SL DISC,2016-09-29 00:00:00,RD,S - XL (6),29.09.2016,AVNT-CSLD-RD,AVNT-CSLD-RD,CORSA SL DISC,2020-06-24 20:42:04
201,ADDICT DISC,2016-09-28 00:00:00,RD,ADDICT DISC,47 - 61 (7),28.09.2016,SCOT-ADDC-RD,SCOT-ADDC-RD,2020-06-24 20:42:04
202,DOMANE SL MY2018CALIPER,2016-09-28 00:00:00,"ISO Speed full carbon,E2",RD,44 - 62 (9),28.09.2016,TREK-044-RD,TREK-044-RD,2020-06-24 20:42:04
203,ROAD1,2016-09-27 00:00:00,RD,Road1,48 - 58 (5),27.09.2016,FARA-RD1-RD,FARA-RD1-RD,2020-06-24 20:42:04
204,GALLIUM PRO DISC GALLIUM DISC GALLIUM CS DISC,2016-09-21 00:00:00,RD,GA31-DISC,XXS - XL (6),21.09.2016,AR18-GAD-RD,AR18-GAD-RD,2020-06-24 20:42:04
205,LITENING DISC 17,2016-08-31 00:00:00,RD,LITENING DISC 17,50 - 62 (7),31.08.2016,CUBE-LI17-RD,CUBE-LI17-RD,2020-06-24 20:42:04
206,BOONE CYCLOCROSSMY2018 DISC,2016-08-25 00:00:00,"ISO Speed crosscarbon disc, E2",CX,47 - 61 (7),25.08.2016,TREK-043-CX,TREK-043-CX,2020-06-24 20:42:04
207,R10,2016-08-18 00:00:00,RD,R10,XS - L (4),18.08.2016,RID-R10-RD,RID-R10-RD,2020-06-24 20:42:04
208,XTRAIL,2016-08-18 00:00:00,RD,X-TRAIL,XXS - XL (6),18.08.2016,RID-XTR-RD,RID-XTR-RD,2020-06-24 20:42:04
209,CANY-R33B-RD,2016-08-17 00:00:00, , , , , ,MY2017,2020-06-24 20:42:04
210,FELTFRDRD,2016-07-29 00:00:00,FR Disc,FR Disc,RD,43 - 61 (7),29.07.2016,FELT-FRD-RD,2020-06-24 20:42:04
211,TXT SR,2016-07-29 00:00:00,TR,TXT SR,XS - L (4),29.07.2016,WIA-TXSR-TR,WIA-TXSR-TR,2020-06-24 20:42:04
212,FELTFRRD,2016-07-29 00:00:00,FR,FR,RD,43 - 61 (7),29.07.2016,FELT-FR-RD,2020-06-24 20:42:04
213,RAN RS,2016-07-06 00:00:00,RD,K-21,XS - XL (5),06.07.2016,DEDA-RARS-RD,DEDA-RARS-RD,2020-06-24 20:42:04
214,AEROFLYER,2016-06-29 00:00:00,TT,AEROFLYER,S - L (3),29.06.2016,ROSE-AERO-TT,ROSE-AERO-TT,2020-06-24 20:42:04
215,DEAN MY 2016,2016-06-29 00:00:00,TT,DEAN MY 2016,XXS - L (5),29.06.2016,RID-DE16-TT,RID-DE16-TT,2020-06-24 20:42:04
216,ARENA TT,2016-06-29 00:00:00,TR,ARENA TT,51 - 53 (3),29.06.2016,RID-ARTT-TR,RID-ARTT-TR,2020-06-24 20:42:04
217,ORCA RIM BRAKE,2016-06-21 00:00:00,ORCA RIM BRAKE,RD,47 - 60 (7),ORB-ORC5-RD,21.06.2016,ORB-ORC5-RD,2020-06-24 20:42:04
218,TXT,2016-05-31 00:00:00,TR,TXT,XS - L (4),31.05.2016,WIA-TXT-TR,WIA-TXT-TR,2020-06-24 20:42:04
219,LIGERO,2016-05-31 00:00:00,RD,LIGERO,XXS - L (5),31.05.2016,WIA-LIG-RD,WIA-LIG-RD,2020-06-24 20:42:04
220,MR1S,2016-05-30 00:00:00,RD,MR1S,450 - 610 (7),30.05.2016,DARE-MR1S-RD,DARE-MR1S-RD,2020-06-24 20:42:04
221,ELECTRON PRO,2016-05-26 00:00:00,TR,ELECTRON PRO,XXS - L (5),26.05.2016,AR18-ELP-TR,AR18-ELP-TR,2020-06-24 20:42:04
222,RUBY,2016-05-19 00:00:00,RD,RUBY,48 - 58 (5),19.05.2016,SPE-RUBY-RD,SPE-RUBY-RD,2020-06-24 20:42:04
223,DOMANE ALR CALIPER,2016-05-19 00:00:00,Bontrager ISO SpeedFork Composite,RD,50 - 62 (7),19.05.2016,TREK-042-RD,TREK-042-RD,2020-06-24 20:42:04
224,R890 NEW SUPERKING DISK,2016-05-19 00:00:00,RD,R890 NEW SUPERKING DISK,460 - 600 (8),19.05.2016,DER-NSKD-RD,DER-NSKD-RD,2020-06-24 20:42:04
225,ROUBAIX 17,2016-05-12 00:00:00,RD,ROUBAIX 17,49 - 64 (12),12.05.2016,SPE-RB17-RD,SPE-RB17-RD,2020-06-24 20:42:04
226,NOAH SL DISC,2016-04-22 00:00:00,RD,Noah SL Disc,XXS - L (5),22.04.2016,RID-NSLD-RD,RID-NSLD-RD,2020-06-24 20:42:04
227,AVANT OMP 17,2016-04-22 00:00:00,AVANT OMP 17,RD,47 - 60 (7),ORB-AV17-RD,22.04.2016,ORB-AV17-RD,2020-06-24 20:42:04
228,VENGE VIAS DISC,2016-04-22 00:00:00,RD,VENGE VIAS DISC,49 - 61 (8),22.04.2016,SPE-VEVD-RD,SPE-VEVD-RD,2020-06-24 20:42:04
229,G7 DISC,2016-04-22 00:00:00,RD,G7 Disc,54 - 58 (4),22.04.2016,BHB-G7D-RD,BHB-G7D-RD,2020-06-24 20:42:04
230,FENIX SL DISCFENIX SLX DISC,2016-04-22 00:00:00,RD,Fenix SL DiscFenix SLX Disc,XXS - XL (6),22.04.2016,RID-FSLD-RD,RID-FSLD-RD,2020-06-24 20:42:04
231,CANY-R050-RD,2016-04-21 00:00:00, , , , , ,R050,2020-06-24 20:42:04
232,DOMANE ALR DISC,2016-04-21 00:00:00,Domane carbon disc,RD,50 - 62 (7),21.04.2016,TREK-041-RD,TREK-041-RD,2020-06-24 20:42:04
233,VENTOX.3,2016-04-21 00:00:00,RD,VentoX.3,50 - 58 (5),21.04.2016,ALEO-VEX3-RD,ALEO-VEX3-RD,2020-06-24 20:42:04
234,GIRO C,2016-04-20 00:00:00,RD,50.5 - 60 (7),20.04.2016,AVNT-GIC-RD,AVNT-GIC-RD,GIRO C,2020-06-24 20:42:04
235,MARCELLO LEGGERO,2016-04-20 00:00:00,RD,HP3,45 - 61 (7),20.04.2016,RAIK-MAL-RD,RAIK-HP3-RD,2020-06-24 20:42:04
236,Timemachine 2,2016-04-18 00:00:00,Timemachine 2,Timemachine 2 TT,S - L (4),18.04.2016,BMC-TIM2-TT,BMC-TIM2-TT,2020-06-24 20:42:04
237,Z112,2016-04-18 00:00:00,TT,Z112,45 - 56 (5),18.04.2016,ZAN-Z112-TT,ZAN-Z112-TT,2020-06-24 20:42:04
238,Z82,2016-04-08 00:00:00,RD,Z82,45 - 58 (6),08.04.2016,ZAN-Z82-RD,ZAN-Z82-RD,2020-06-24 20:42:04
239,KAPP,2016-04-06 00:00:00,RD,KAPP,450 - 600 (8),06.04.2016,NOR-KAPP-RD,NOR-KAPP-RD,2020-06-24 20:42:04
240,QRL,2016-04-06 00:00:00,RD,QRL,S - XL (5),06.04.2016,QUIN-QRL-RD,QUIN-QRL-RD,2020-06-24 20:42:04
241,MMR-ADM-RD,2016-03-23 00:00:00, , , , , ,MMR-ADM-RD,2020-06-24 20:42:04
242,OLTRE XR4 CV,2016-03-23 00:00:00,RD,OLTRE XR4 CV,440 - 610 (8),23.03.2016,BIAN-OL4-RD,BIAN-OL4-RD,2020-06-24 20:42:04
243,DEFY ADV SL DISCMY17,2016-03-22 00:00:00,RD,Defy Adv SL discMY17,XS - XL (6)TeamM-L (3),22.03.2016,GIAN-DASD-RD,GIAN-DASD-RD,2020-06-24 20:42:04
244,SOLACE,2016-03-18 00:00:00,RD,Solace,49 - 58 (5),18.03.2016,SCOT-SOL-RD,SCOT-SOL-RD,2020-06-24 20:42:04
245,ORCA OME 17,2016-03-14 00:00:00,ORCA OME 17,RD,47 - 60 (7),ORB-ORC4-RD,14.03.2016,ORB-ORC4-RD,2020-06-24 20:42:04
246,CANY-R051-RD,2016-02-26 00:00:00, , , , , ,R051,2020-06-24 20:42:04
247,CANY-R049-RD,2016-02-26 00:00:00, , , , , ,R049,2020-06-24 20:42:04
248,TACTIC DISC,2016-02-24 00:00:00,RD,TACTIC DISC,48 - 60.5 (6),24.02.2016,NORC-TADI-RD,NORC-TADI-RD,2020-06-24 20:42:04
249,XEON CWXLITE CW,2016-02-23 00:00:00,RD,EGR-FK-02EGR-FK-03,51 - 62 (5),23.02.2016,ROSE-XLCW-RD,ROSE-XLCW-RD,2020-06-24 20:42:04
250,XEON CRSXLITE TEAMCRS,2016-02-22 00:00:00,RD,XEON CRSX-Lite TEAM/CRS,50 - 62 (6),22.02.2016,ROSE-XLTM-RD,ROSE-XLTM-RD,2020-06-24 20:42:04
251,FELTTAFRTR,2016-02-17 00:00:00,TA FRD,TA FRD,TR,55,17.02.2016,FELT-TAFR-TR,2020-06-24 20:42:04
252,PISTA PURSUIT,2016-02-17 00:00:00,TR,XS-S - XL (4),17.02.2016,AVNT-PIPU-TR,AVNT-PIPU-TR,Pista Pursuit,2020-06-24 20:42:04
253,CTIME,2016-02-17 00:00:00,TT,C-Time,520 - 560 (3),17.02.2016,CORR-CTIM-TT,CORR-CTIM-TT,2020-06-24 20:42:04
254,Timemachine 1,2016-01-28 00:00:00,Timemachine 1,Timemachine 1 TT,S - L (4),28.01.2016,BMC-TIM1-TT,BMC-TIM1-TT,2020-06-24 20:42:04
255,O2,2016-01-28 00:00:00,RD,FK-03,49 - 61 (6),28.01.2016,FACT-O2-RD,FACT-O2-RD,2020-06-24 20:42:04
256,CENTO10AIR CENTO10PRO,2016-01-20 00:00:00,RD,CENTO 10 AIR /CENTO10PRO,XS - XXL (6),20.01.2016,WIL-C10A-RD,WIL-C10A-RD,2020-06-24 20:42:04
257,TARMAC DISC,2016-01-19 00:00:00,RD,TARMAC DISC,49 - 60 (6),19.01.2016,SPE-TADI-RD,SPE-TADI-RD,2020-06-24 20:42:04
258,TCR ADV PRO DISCMY17,2016-01-19 00:00:00,RD,TCR Adv SL disc MY17,XS - XL (6),19.01.2016,GIAN-RP17-RD,GIAN-RS17-RD,2020-06-24 20:42:04
259,TCR ADV SL DISC MY17,2016-01-19 00:00:00,RD,TCR Adv SL disc MY17,XS - XL (6),19.01.2016,GIAN-RS17-RD,GIAN-RS17-RD,2020-06-24 20:42:04
260,KET8,2015-12-11 00:00:00,KE-FT8/S,TT,S - XL (4),11.12.2015,KEMO-KET8-TT,KEMO-KET8-TT,2020-06-24 20:42:04
261,OMNIUM,2015-12-11 00:00:00,TR,OMNIUM,490 - 560 (4),11.12.2015,JORB-OMN-TR,JORB-OMN-TR,2020-06-24 20:42:04
262,ORCA DISC 2016,2015-11-17 00:00:00,ORCA DISC 2016,RD,47 - 60 (7),ORB-ORC3-RD,17.11.2015,ORB-ORC3-RD,2020-06-24 20:42:04
263,BELADOR 3.0,2015-11-09 00:00:00,RD,BLADE 3.0,XS - XL (5),09.11.2015,BERR-BEL3-RD,BERR-BEL3-RD,2020-06-24 20:42:04
264,VV2  ONES  ONE,2015-11-03 00:00:00,RD,VV2 / FK-01 / FK-02,51 - 61 (5),03.11.2015,FACT-VV2-RD,FACT-VV2-RD,2020-06-24 20:42:04
265,Roadmachine 1+2,2015-10-30 00:00:00,Roadmachine 1+2,Roadmachine 1+2 RD,47 - 61 (6),30.10.2015,BMC-RMA-RD,BMC-RMA-RD,2020-06-24 20:42:04
266,ALLEZ SPRINT X1,2015-10-28 00:00:00,RD,ALLEZ SPRINT X1,49 - 61 (6),28.10.2015,SPE-ASX1-RD,SPE-ASX1-RD,2020-06-24 20:42:04
267,ALLEZ SPRINT X2,2015-10-28 00:00:00,RD,ALLEZ SPRINT X2,49 - 61 (6),28.10.2015,SPE-ASX2-RD,SPE-ASX2-RD,2020-06-24 20:42:04
268,CARBONEX HR,2015-10-27 00:00:00,RD,CARBONEX HR,XXS - M (4),27.10.2015,YON-CAHR-RD,YON-CAHR-RD,2020-06-24 20:42:04
269,R890 NEW SUPERKING,2015-10-26 00:00:00,RD,R890 NEW SUPERKING,460 - 600 (8),26.10.2015,DER-NSK-RD,DER-NSK-RD,2020-06-24 20:42:04
270,MR T 2015,2015-10-26 00:00:00,TT,MR T 2015,XS - XL (5),26.10.2015,SIMP-MRT2-TT,SIMP-MRT2-TT,2020-06-24 20:42:04
271,SILQUE SLR MY 2017,2015-10-19 00:00:00,ISO SPEED FULLCARBON E2,RD,44 - 56 (6),19.10.2015,TREK-SSLR-RD,TREK-ISFC-RD,2020-06-24 20:42:04
272,DOMANE SL 2016,2015-10-15 00:00:00,ISO Speed full carbonE2,RD,50 - 62 (7),15.10.2015,TREK-DSL-RD,TREK-ISFC-RD,2020-06-24 20:42:04
273,AVIND,2015-09-15 00:00:00,TT,AVIND,470 - 560 (5),15.09.2015,NOR-AVIN-TT,NOR-AVIN-TT,2020-06-24 20:42:04
274,RR AERO,2015-09-08 00:00:00,RD,RR AERO,500 - 570 (3),08.09.2015,WHIT-RRAE-RD,WHIT-RRAE-RD,2020-06-24 20:42:04
275,LITENING15,2015-08-27 00:00:00,RD,LITENING-15,50 - 62 (7),27.08.2015,CUBE-LI15-RD,CUBE-LI15-RD,2020-06-24 20:42:04
276,DOMANE SLR 2016 DISC,2015-08-13 00:00:00,ISO Speed full carbonE2 Disc,RD,50 - 62 (7),13.08.2015,TREK-DSLD-RD,TREK-ISFD-RD,2020-06-24 20:42:04
277,R886 NICK,2015-08-12 00:00:00,RD,R886 NICK,462 - 545 (5),12.08.2015,DER-NICK-RD,DER-NICK-RD,2020-06-24 20:42:04
278,DOMANE SLR 2016,2015-07-30 00:00:00,ISO Speed full carbonE2,RD,50 - 62 (7),30.07.2015,TREK-DSLR-RD,TREK-ISFC-RD,2020-06-24 20:42:04
279,RQC38,2015-06-24 00:00:00,RD,RC58S,460 - 580 (5),24.06.2015,GGC-QC38-RD,GGC-C58S-RD,2020-06-24 20:42:04
280,P1,2015-06-19 00:00:00,TR,PF-1,490 - 580 (4),19.06.2015,COM-P1-TR,COM-P1-TR,2020-06-24 20:42:04
281,EQUIPE TR,2015-06-19 00:00:00,TR,EQUIPE TR,49 --56 (4),19.06.2015,AQU-EQTR-TR,AQU-EQTR-TR,2020-06-24 20:42:04
282,TRINITY ADV PRO MY16,2015-05-28 00:00:00,TT,Trinity Adv Pro MY16,XS - L (4),28.05.2015,GIAN-TRIN-TT,GIAN-TRIN-TT,2020-06-24 20:42:04
283,ORDU 2016,2015-05-28 00:00:00,ORDU 2016,TT,XS - XL (5),ORB-ORD2-TT,28.05.2015,ORB-ORD2-TT,2020-06-24 20:42:04
284,CORSA ER,2015-05-22 00:00:00,RD,50.5 - 60 (7),22.05.2015,AVNT-CER-RD,AVNT-CER-RD,CORSA ER,2020-06-24 20:42:04
285,CARBONEX,2015-05-22 00:00:00,RD,CARBONEX,XXS - M (4),22.05.2015,YON-CARB-RD,YON-CARB-RD,2020-06-24 20:42:04
286,KUOT-KAL-TT,2015-04-15 00:00:00,TT,KALIBUR,48 - 57 (4),15.04.2015,KUOT-KAL-TT,KUOT-KAL-TT,2020-06-24 20:42:04
287,E117,2015-04-15 00:00:00,RD,E-117,XS - XL (5),15.04.2015,AR18-E117-TT,AR18-E117-TT,2020-06-24 20:42:04
288,RADAR,2015-04-10 00:00:00,RD,RADAR,450 - 590 (7),10.04.2015,ELF-RAD-RD,ELF-RAD-RD,2020-06-24 20:42:04
289,TTC FLAT,2015-04-08 00:00:00,TT,TTC FLAT,450 - 560 (5),08.04.2015,JORB-TTCF-TT,JORB-TTCF-TT,2020-06-24 20:42:04
290,CANY-R24-TR,2015-04-07 00:00:00, , , , , ,Track,2020-06-24 20:42:04
291,CCT EVO,2015-03-27 00:00:00,RD,PRO CONTROL EVO,460 - 600 (6),27.03.2015,CORR-CCTE-RD,CORR-CCTE-RD,2020-06-24 20:42:04
292,GTR TEAM  GTR SLGTS TEAM  GTS SL,2015-03-25 00:00:00,RD,GTR Team / GTR SLGTS Team / GTS SL,XS - XXL (6),25.03.2015,WIL-GTRS-RD,WIL-GTRS-RD,2020-06-24 20:42:04
293,MARCELLO HP 1,2015-03-25 00:00:00,RD,DT-FO989,480 - 600 (5),25.03.2015,RAIK-HP1-RD,RAIK-HP1-RD,2020-06-24 20:42:04
294,TCR ADV SL ISP MY16,2015-03-24 00:00:00,RD,TCR MY16,XS - XL (6),24.03.2015,GIAN-RS16-RD,GIAN-FR16-RD,2020-06-24 20:42:04
295,TCR ADV MY16,2015-03-24 00:00:00,RD,TCR MY16,XS - XL (6),24.03.2015,GIAN-R16-RD,GIAN-FR16-RD,2020-06-24 20:42:04
296,F02,2015-03-06 00:00:00,RD,F02,XXS - XXL (7),06.03.2015,SCOT-F02-RD,SCOT-F02-RD,2020-06-24 20:42:04
297,EQUIPE UNO,2015-02-05 00:00:00,RD,EQUIPE UNO,47 --59 (7),05.02.2015,AQU-EQ1-TR,AQU-EQ1-TR,2020-06-24 20:42:04
298,MARCELLO HP 3,2015-02-03 00:00:00,RD,DT-FO12,470 - 590 (5),03.02.2015,RAIK-HP3-RD,RAIK-HP3-RD,2020-06-24 20:42:04
299,MADONE 9 SERIESMY2016,2015-01-19 00:00:00,"Madone KVF FullCarbon, E2",RD,50 - 62 (7),19.01.2015,TREK-MAD9-RD,TREK-MKF-RD,2020-06-24 20:42:04
300,TACTIC MY16,2015-01-16 00:00:00,RD,TACTIC MY16,48 - 60.5 (6),16.01.2015,NORC-TA16-RD,NORC-TA16-RD,2020-06-24 20:42:04
301,FR1,2015-01-06 00:00:00,RD,FR1,480 - 580 (5),06.01.2015,ELF-FR1-RD,ELF-FR1-RD,2020-06-24 20:42:04
302,SPECIALISSIMA CV,2015-01-05 00:00:00,RD,SPECIALISSIMA CV,47 - 61 (7),05.01.2015,BIAN-SPCV-RD,BIAN-SPCV-RD,2020-06-24 20:42:04
303,ADDICTCX,2014-12-18 00:00:00,CX,Addict-CX,49 - 58 (5),18.12.2014,SCOT-AD01-CX,SCOT-AD01-CX,2020-06-24 20:42:04
304,SERIOS,2014-12-15 00:00:00,TT,SERIOS,XS - L (4),15.12.2014,DIA-SER-TT,DIA-SER-TT,2020-06-24 20:42:04
305,PISTA TEAM,2014-12-15 00:00:00,TR,S - XL (5),15.12.2014,AVNT-PITM-TR,AVNT-PITM-TR,Pista Team,2020-06-24 20:42:04
306,KING XS,2014-12-05 00:00:00,RD,KING XS,XXXS-XXXL (9),05.12.2014,DER-KIXS-RD,DER-KIXS-RD,2020-06-24 20:42:04
307,FRECCIA CELESTE,2014-11-24 00:00:00,RD,FRECCIA CELESTE,44 - 61 (8),24.11.2014,BIAN-FREC-RD,BIAN-FREC-RD,2020-06-24 20:42:04
308,PODIUM,2014-11-24 00:00:00,RD,PODIUM,50 - 60 (6),24.11.2014,DIA-POD-RD,DIA-POD-RD,2020-06-24 20:42:04
309,FENIX SL,2014-11-13 00:00:00,RD,Fenix SL,XXS - XL (6),13.11.2014,RID-FESL-RD,RID-FESL-RD,2020-06-24 20:42:04
310,CROSSDRIVE  EGMRR 13,2014-11-13 00:00:00,CX,EGM FK 11,50 - 59 (4),13.11.2014,CENT-CXDR-CX,CENT-CXDR-CX,2020-06-24 20:42:04
311,THUNDERDOME,2014-11-04 00:00:00,TR,THUNDERDOME,46 - 61 (6),04.11.2014,ACIT-THUN-TR,ACIT-THUN-TR,2020-06-24 20:42:04
312,VENGE RIM,2014-11-03 00:00:00,RD,VENGE RIM,46 - 61 (9),03.11.2014,SPE-VENR-RD,SPE-VENR-RD,2020-06-24 20:42:04
313,RFC502IRFC502X,2014-10-06 00:00:00,RD,FK-502,47 - 60 (6),06.10.2014,PYTH-502-RD,PYTH-502-RD,2020-06-24 20:42:04
314,NOAH SL  NOAH,2014-09-18 00:00:00,RD,Noah SL / Noah,XXS - L (5),18.09.2014,RID-NOSL-RD,RID-NOSL-RD,2020-06-24 20:42:04
315,EMONDA ALLOY,2014-09-03 00:00:00,EMONDA Carbon E2,RD,47 - 64 (9),03.09.2014,TREK-EALL-RD,TREK-ES-RD,2020-06-24 20:42:04
316,ALR1,2014-08-27 00:00:00,ALR1,TeamMachine CX,47 - 60 (5),27.08.2014,BMC-ALR1-RD,BMC-TEAM-RD,2020-06-24 20:42:04
317,SIRELLI 1 SIRELLI 2 SIRELLI 3 SBC CONCEPT R1.0 SBC CONCEPT R1.1,2014-08-14 00:00:00,RD,SIRELLI 1 /SIRELLI 2 /SIRELLI 3 /SBC CONCEPT R1.0 /SBC CONCEPT R1.1,XXS - XL (6),14.08.2014,SILV-SIR-RD,SILV-SIR-RD,2020-06-24 20:42:04
318,SCALA,2014-06-20 00:00:00,TT,K15,S - XL (4),20.06.2014,DOL-SCAL-TT,DOL-SCAL-TT,2020-06-24 20:42:04
319,PISTA CARBON MY2015,2014-06-20 00:00:00,TR,C1605483,S - L (3),20.06.2014,BIAN-PI15-TR,BIAN-PI15-TR,2020-06-24 20:42:04
320,AQUILA CV,2014-06-20 00:00:00,CX,C1605511,XS - L (4),20.06.2014,BIAN-AQCV-TT,BIAN-AQCV-TT,2020-06-24 20:42:04
321,PLASMA 4,2014-06-16 00:00:00,TT,Plasma 4,XS - XL (5),16.06.2014,SCOT-PLA4-TT,SCOT-PLA4-TT,2020-06-24 20:42:04
322,IZON  IZON AKTIV,2014-06-05 00:00:00,RD,TF03TFP01,XXS - XL (6),05.06.2014,TIME-IZON-RD,TIME-TF03-RDTIME-TFP1-RD,2020-06-24 20:42:04
323,PLASMA 5 TRACK,2014-05-27 00:00:00,TR,Plasma 5 Track,M,27.05.2014,SCOT-PLA5-TR,SCOT-PLA5-TR,2020-06-24 20:42:04
324,PLASMA 5,2014-05-27 00:00:00,TT,Plasma 5,S - XL (4),27.05.2014,SCOT-PLA5-TT,SCOT-PLA5-TT,2020-06-24 20:42:04
325,EMPIRE,2014-05-19 00:00:00,RD,Enve 2.0 Road Fork,XXS - XXL (7),19.05.2014,MERL-EMP-RD,MERL-EMP-RD,2020-06-24 20:42:04
326,SKYLONSCYLON,2014-05-15 00:00:00,RD,TF05TFP02,XXS - XL (6),15.05.2014,TIME-SKY-RDTIME-SCY-RD,TIME-TF05-RDTIME-TFP2-RD,2020-06-24 20:42:04
327,NITROGEN  NITROGEN PRO,2014-05-14 00:00:00,RD,N7,XS - XL (5),14.05.2014,AR18-NITR-RD,AR18-N7-RD,2020-06-24 20:42:04
328,AVANT 2015,2014-04-10 00:00:00,AVANT 2015,RD,47 - 60 (7),ORB-AVAN-RD,10.04.2014,ORB-AVAN-RD,2020-06-24 20:42:04
329,ORCA 2015,2014-04-09 00:00:00,ORCA 2015,RD,47 - 60 (7),ORB-ORC2-RD,09.04.2014,ORB-ORC2-RD,2020-06-24 20:42:04
330,ZERO7 2015  ZERO6,2014-04-09 00:00:00,RD,ZERO7 2015 / ZERO6,XS - XXL (6),09.04.2014,WIL-ZE72-RD,WIL-ZE72-RD,2020-06-24 20:42:04
331,ZOLDER MY 2015,2014-04-02 00:00:00,CX,C1605495,49 - 60 (6),02.04.2014,BIAN-ZO15-CX,BIAN-ZO15-CX,2020-06-24 20:42:04
332,CHARISMA,2014-03-28 00:00:00,RD,CHARISMA,420 - 580 (8),28.03.2014,AUTH-CHAR-RD,AUTH-CHAR-RD,2020-06-24 20:42:04
333,KRYPTON  GO,2014-03-19 00:00:00,RD,KR Fork / Go!,XXS - XL (6),19.03.2014,AR18-KRYP-RD,AR18-KRYP-RD,2020-06-24 20:42:04
334,ZURIGO MY 2015,2014-03-18 00:00:00,CX,C1605447,49 - 61 (6),18.03.2014,BIAN-ZU15-CX,BIAN-ZU15-CX,2020-06-24 20:42:04
335,DIABOLIQUE,2014-02-05 00:00:00,TT,DIABOLIQUE,XS - XL (5),05.02.2014,NORC-DIAB-TT,NORC-DIAB-TT,2020-06-24 20:42:04
336,DF4,2014-02-05 00:00:00,TR,Alpina Wing Pista,51.5 - 59 (5),05.02.2014,DOL-DF4-TR,DOL-DF4-TR,2020-06-24 20:42:04
337,ORDU OME,2014-02-04 00:00:00,ORDU OME,TT,XS - L (4),ORB-ORD-TT,04.02.2014,ORB-ORD-TT,2020-06-24 20:42:04
338,CHRONO TT 2,2014-01-30 00:00:00,TT,Chrono TT 2,450 - 560 (5),30.01.2014,VITU-CHR2-TT,VITU-CHR2-TT,2020-06-24 20:42:04
339,SUPER ACCIAIO,2014-01-30 00:00:00,RD,Columbus Gramy,46 - 61 (6),30.01.2014,COND-SUPA-RD,COND-SUPA-RD,2020-06-24 20:42:04
340,VITESSE EVO,2014-01-23 00:00:00,RD,Vitesse Evo,490 - 620 (7),23.01.2014,VITU-VITE-RD,VITU-VITE-RD,2020-06-24 20:42:04
341,TARMAC 15,2014-01-15 00:00:00,RD,TARMAC 15,49 - 64 (10),15.01.2014,SPE-TA15-RD,SPE-TA15-RD,2020-06-24 20:42:04
342,SUPREME,2013-12-16 00:00:00,RD,SUPREME,450 - 590 (8),16.12.2013,JORB-SUP-RD,JORB-SUP-RD,2020-06-24 20:42:04
343,SCALERA 1  SCALERA2  SCALERA 3 SCALERA PRO  SBCCONCEPT R1,2013-12-10 00:00:00,RD,SCALERA 1 / SCALERA2 / SCALERA 3 /SCALERA PRO / SBCCONCEPT R1,49 - 61 (6),10.12.2013,SILV-SCAL-RD,SILV-SCAL-RD,2020-06-24 20:42:04
344,LEGGERO,2013-11-29 00:00:00,RD,Deda Nero Supremacy,46 - 61 (6),29.11.2013,COND-LEGG-RD,COND-LEGG-RD,2020-06-24 20:42:04
345,TREKESLRRD,2013-11-15 00:00:00,RD,Emonda SLR,"Emonda SLR FullCarbon, E2, CarbonDropouts",H1 : 50-62 (7)H2 : 47-64 (9),15.11.2013,TREK-ESLR-RD,2020-06-24 20:42:04
346,TREKESLRD,2013-11-15 00:00:00,RD,Emonda SL,"Emonda SL FullCarbon, E2",44 - 64 (10),15.11.2013,TREK-ESL-RD,2020-06-24 20:42:04
347,TREKESRD,2013-11-15 00:00:00,RD,Emonda S,"Emonda Carbon, E2",44 - 62 (9),15.11.2013,TREK-ES-RD,2020-06-24 20:42:04
348,Granfondo 02 MY 15,2013-11-08 00:00:00,Granfondo 02 MY 15,Granfondo RD,48 - 61 (6),08.11.2013,BMC-GF2C-RD,BMC-GF-RD,2020-06-24 20:42:04
349,KER8,2013-10-30 00:00:00,RD,KE-FR8,45 - 58 (6),30.10.2013,KEMO-KER8-RD,KEMO-KER8-RD,2020-06-24 20:42:04
350,KER5,2013-10-30 00:00:00,RD,KE-FR5,48 - 61 (6),30.10.2013,KEMO-KER5-RD,KEMO-KER5-RD,2020-06-24 20:42:04
351,EQUIPER,2013-10-29 00:00:00,RD,FB-F0007,48 --60 (7),29.10.2013,AQU-EQR-RD,AQU-EQR-RD,2020-06-24 20:42:04
352,ALIAS,2013-10-03 00:00:00,RD,Alias,44 - 57 (5),03.10.2013,SPE-ALIA-RD,SPE-ALIA-RD,2020-06-24 20:42:04
353,BTWI-ULT-RD,2013-10-01 00:00:00,RD,ULTRA / ULTRA CF,XXS - XL (6),01.10.2013,BTWI-ULT-RD,BTWI-ULT-RD,2020-06-24 20:42:04
354,THRESHOLD,2013-09-20 00:00:00,CX,THRESHOLD,50 - 60 (5),20.09.2013,NORC-THRE-CX,NORC-THRE-CX,2020-06-24 20:42:04
355,TeamMachine SLR03,2013-09-20 00:00:00,TeamMachine SLR03,TeamMachine RD,48 - 60 (5),20.09.2013,BMC-SLR3-RD,BMC-TEAM-RD,2020-06-24 20:42:04
356,TREKCXDICX,2013-09-10 00:00:00,CX,Crockett Disc,"Trek ISO Speed crosscarbon disc, E2",50 - 61 (6),18.12.2012,TREK-CRDI-CX,2020-06-24 20:42:04
357,TREKCXFCCX,2013-09-10 00:00:00,CX,Crockett Canti,Trek ISO Speed crossfull carbon,50 - 61 (6),18.12.2012,TREK-CRCA-CX,2020-06-24 20:42:04
358,TREKISFCRD,2013-09-06 00:00:00,RD,Silque 6 Series,Trek ISO Speed fullcarbon E2,56 - 62 (3),18.05.2012,TREK-SIL6-RD,2020-06-24 20:42:04
359,GIGADRIVE 2014,2013-08-15 00:00:00,RD,EGC-FK-04,470 - 620 (6),15.08.2013,CENT-GI14-RD,CENT-GI14-RD,2020-06-24 20:42:04
360,BLUE-NOR-CX,2013-08-09 00:00:00, , , , , ,Norcross EX Aero,2020-06-24 20:42:04
361,AEROLIGHT,2013-07-09 00:00:00,TT,Aerolight,SM - LA (3),09.07.2013,BHB-AERO-TT,BHB-AERO-TT,2020-06-24 20:42:04
362,ZXRS 2014,2013-07-05 00:00:00,RD,TF03,XXS - XL (6),05.07.2013,TIME-ZX14-RD,TIME-TF03-RD,2020-06-24 20:42:04
363,GLOBAL CONCEPT G6,2013-07-02 00:00:00,RD,Global Concept G6,SM - LA (3),02.07.2013,BHB-G6-RD,BHB-G6-RD,2020-06-24 20:42:04
364,Crossmachine CX01,2013-07-02 00:00:00,Crossmachine CX01,Crossmachine CX01 CX,48 - 60 (5),02.07.2013,BMC-CX1-CX,BMC-CX1-CX,2020-06-24 20:42:04
365,XNIGHT DISCXNIGHT SL DISC,2013-06-27 00:00:00,CX,X-Night DiscX-Night SL Disc,XS - XL (5),27.06.2013,RID-XNDI-CX,RID-XNDI-CX,2020-06-24 20:42:04
366,DEAN,2013-06-26 00:00:00,TT,Dean Fast,XS - L (4),26.06.2013,RID-DEAN-TT,RID-DEAN-TT,2020-06-24 20:42:04
367,TREKSKFCTT,2013-06-06 00:00:00,TT,Speed concept 9 Series,Bontrager SC KVF FullCarbon,XS - XL (6),14.06.2011,TREK-CON9-TT,2020-06-24 20:42:04
368,FLUIDITY S MY2014,2013-05-30 00:00:00,RD,TF03,XXXS - XL (7),30.05.2013,TIME-FLSB-RD,TIME-TF03-RD,2020-06-24 20:42:04
369,TREKMKCRD,2013-05-29 00:00:00,RD,Madone 2 SeriesMY2014,"Madone KVF carbon,E2, SpeedTrapcompatible",47 - 64 (9),29.05.2013,TREK-MA2B-RD,2020-06-24 20:42:04
370,CANY-R13B-RD,2013-05-01 00:00:00, , , , , ,Ultimate AL R23,2020-06-24 20:42:04
371,CANY-R23B-RD,2013-05-01 00:00:00, , , , , ,Roadlite AL R12,2020-06-24 20:42:04
372,AERIUM SUPER HPC,2013-04-30 00:00:00,TT,AERIUM Super HPCFork,S - XL (4),30.04.2013,CUBE-AER-TT,CUBE-AER-TT,2020-06-24 20:42:04
373,TrackMachine TR01,2013-04-30 00:00:00,TrackMachine TR01,TrackMachine TR01 TR,S - L (3),30.04.2013,BMC-TR01-TR,BMC-TR01-TR,2020-06-24 20:42:04
374,CANY-R12B-RD,2013-04-19 00:00:00, , , , , ,MY2014,2020-06-24 20:42:04
375,TRIPLE EEE,2013-04-18 00:00:00,RD,Triple EEE,XS - XL (5),18.04.2013,AIR-EEE-RD,AIR-EEE-RD,2020-06-24 20:42:04
376,CENTO 1 AIR,2013-04-18 00:00:00,RD,CENTO 1 AIR,XS - XXL (6),18.04.2013,WIL-C1AI-RD,WIL-C1AI-RD,2020-06-24 20:42:04
377,TCX ADV,2013-04-16 00:00:00,CX,TCX Adv disc 15mmthrough Axle /TCX Adv disc open type,XS - XL (6),16.04.2013,GIAN-TCXA-CX,GIAN-TA15-CXGIAN-TAOT-CX,2020-06-24 20:42:04
378,OLTRE XR2 OLTRE XR1,2013-04-05 00:00:00,RD,C1605444,47 - 61 (7),05.04.2013,BIAN-OL2-RD,BIAN-OL2-RD,2020-06-24 20:42:04
379,TREKMKFCRD,2013-04-04 00:00:00,RD,"Madone 7, 6 Series",Madone KVF FullCarbon E2 CarbonDropouts,H1 : 50-62 (7)H2 : 47-64 (9),09.03.2012,TREK-MAD7-RD,2020-06-24 20:42:04
380,BRAVA,2013-03-27 00:00:00,CX,TCX Adv disc 15mmthrough Axle,XS - L (4),27.03.2013,GIAN-BRSL-CX,GIAN-TA15-CX,2020-06-24 20:42:04
381,TCX SLR,2013-03-27 00:00:00,CX,TCX Adv disc 15mmthrough Axle,XS - XL (6),27.03.2013,GIAN-TCXS-CX,GIAN-TA15-CX,2020-06-24 20:42:04
382,GALLIUM  GALLIUMPRO  GALLIUM CS,2013-03-20 00:00:00,RD,GA31 / GA31-PRO /GA31-CS,XXS - XL (6),20.03.2013,AR18-GAL-RD,AR18-GAL-RD,2020-06-24 20:42:04
383,CORSA SL,2013-03-18 00:00:00,RD,XS - XL (7),18.03.2013,AVNT-CSL-RD,AVNT-CSL-RD,Corsa SL,2020-06-24 20:42:04
384,ORCA,2013-03-14 00:00:00,ORCA,RD,47 - 60 (7),ORB-ORCA-RD,14.03.2013,ORB-ORCA-RD,2020-06-24 20:42:04
385,PROPEL ADV,2013-02-22 00:00:00,RD,PROPEL ADV,XS - XL (6),22.02.2013,GIAN-PADV-RD,GIAN-PADV-RD,2020-06-24 20:42:04
386,ZURIGO DISK BRAKE,2013-02-22 00:00:00,CX,C1605447,490 - 610 (5),22.02.2013,BIAN-ZUDB-CX,BIAN-ZUDB-CX,2020-06-24 20:42:04
387,18.02.2013,2013-02-18 00:00:00,TT,AEROSTORM 2013,AEROSTORM 2013,500 - 580 (3),18.02.2013,LAPI-AER2-TT,2020-06-24 20:42:04
388,TREKRFRD,2013-02-06 00:00:00,RD,1 Series MY2014,Bontrager Race Fork,47 - 64 (9),06.02.2013,TREK-1SER-RD,2020-06-24 20:42:04
389,TREKRAFRD,2013-02-06 00:00:00,RD,Madone 4 SeriesMY2014,Bontrager Race AeroFork,47 - 64 (9),06.02.2013,TREK-MD42-RD,2020-06-24 20:42:04
390,INTENSO,2013-01-24 00:00:00,RD,C1605404,44 - 63 (9),24.01.2013,BIAN-INT-RD,BIAN-INT-RD,2020-06-24 20:42:04
391,PINA-757N-RD,2013-01-15 00:00:00, , , , , ,THINK2 / MARVEL /,2020-06-24 20:42:04
392,INFINITO CV,2012-12-19 00:00:00,RD,C1605420,47 - 63 (8),19.12.2012,BIAN-INCV-RD,BIAN-INCV-RD,2020-06-24 20:42:04
393,MARCELLO SLK1 FCM938,2012-12-11 00:00:00,RD,Marcello SLK1,48 - 61 (6),11.12.2012,RAIK-SLK1-RD,RAIK-SLK1-RD,2020-06-24 20:42:04
394,MARCELLO SLK3 FCM660,2012-12-11 00:00:00,RD,Marcello SLK3,47 - 60 (7),11.12.2012,RAIK-SLK3-RD,RAIK-SLK3-RD,2020-06-24 20:42:04
395,ADDICT,2012-12-10 00:00:00,RD,Addict,XXS - XXL (7),10.12.2012,SCOT-ADDI-RD,SCOT-ADDI-RD,2020-06-24 20:42:04
396,CHRONO TT,2012-12-10 00:00:00,TT,Chrono TT,"51,5 - 55,5 (3)",10.12.2012,VITU-CHRO-TT,VITU-CHRO-TT,2020-06-24 20:42:04
397,RQC32  TR003 TR225,2012-10-26 00:00:00,RD,RC58S,460 - 580 (5),26.10.2012,GGC-QC32-RD,GGC-C58S-RD,2020-06-24 20:42:04
398,RQC30,2012-10-26 00:00:00,RD,RC52S,460 - 580 (5),26.10.2012,GGC-QC30-RD,GGC-C52S-RD,2020-06-24 20:42:04
399,24.10.2012,2012-10-24 00:00:00,RD,REACTO EVO,FK-M-07 /Reacto Evo SL Fork,47 - 59 (7),24.10.2012,MERI-REVO-RD,2020-06-24 20:42:04
400,TACTIC,2012-10-18 00:00:00,TACTIC,RD,TACTIC,48 - 60.5 (6),18.10.2012,NORC-TACT-RD,2020-06-24 20:42:04
401,16.10.2012,2012-10-16 00:00:00,TT,KONOS,KONOS,500 - 580 (4),16.10.2012,BAS-KON-TT,2020-06-24 20:42:04
402,VITESSE  VITESSE VR VITESSE SEAN KELLYVITESSE VRI  VITESSESEAN KELLY VRI,2012-10-11 00:00:00,RD,Vitesse full carbon,480 - 600 (7),11.10.2012,VITU-VIT-RD,VITU-VIT-RD,2020-06-24 20:42:04
403,X-Night YD-B25X-Night SL,2012-10-05 00:00:00,X-Night YD-B25X-Night SL,CX,Oryx Pro Fork BR-F2,50 - 58 (5),05.10.2012,RID-XNIG-CX,2020-06-24 20:42:04
404,TeamMachine SLR02,2012-10-02 00:00:00,TeamMachine SLR02,TeamMachine RD,48 - 60 (5),02.10.2012,BMC-SLR2-RD,BMC-TEAM-RD,2020-06-24 20:42:04
405,TeamMachine SLR01,2012-10-02 00:00:00,TeamMachine SLR01,TeamMachine RD,48 - 61 (6),02.10.2012,BMC-SLR1-RD,BMC-TEAM-RD,2020-06-24 20:42:04
406,26.09.2012,2012-09-26 00:00:00,RD,RIDE SL,FK-M-06,XS - XL (7),26.09.2012,MERI-RISL-RD,2020-06-24 20:42:04
407,TrackMachine TR02,2012-09-26 00:00:00,TrackMachine TR02,Track Fork TR,XS - L (4),26.09.2012,BMC-TR02-TR,BMC-TR-TR,2020-06-24 20:42:04
408,25.09.2012,2012-09-25 00:00:00,RD,R3 MUD,FK29,51 - 61 (5),25.09.2012,CERV-R3M-RD,2020-06-24 20:42:04
409,Liz Carbon,2012-09-25 00:00:00,Liz Carbon,RD,Liz Carbon Fork,XXS - M (4),25.09.2012,RID-LIZC-RD,2020-06-24 20:42:04
410,R9,2012-09-13 00:00:00,R9,RD,R9,XS - XL (5),13.09.2012,RID-R9-RD,2020-06-24 20:42:04
411,Signature,2012-09-11 00:00:00,Signature,TR,ENVE Track,Custom,11.09.2012,TIEM-SIG-TR,2020-06-24 20:42:04
412,03.09.2012,2012-09-03 00:00:00,RD,Bura SL,Bura SL,490 - 580 (5),03.09.2012,NPR-BURA-RD,2020-06-24 20:42:04
413,Crux Carbon DiscCrux Carbon Canti,2012-09-03 00:00:00,Crux Carbon DiscCrux Carbon Canti,CX,Crux Carbon DiscCrux Carbon Canti,46 - 61 (7),03.09.2012,SPE-CRUX-CX,2020-06-24 20:42:04
414,ALLEZ 650,2012-08-27 00:00:00,ALLEZ 650,RD,ALLEZ 650,45 (1),27.08.2012,SPE-A650-RD,2020-06-24 20:42:04
415,13.08.2012,2012-08-13 00:00:00,RD,DIAMANTE,DIAMANTE,450 - 610 (7),13.08.2012,BAS-DIA-RD,2020-06-24 20:42:04
416,Celtic Cross,2012-07-19 00:00:00,Celtic Cross,CX,Celtic Cross,Custom,19.07.2012,SHAM-CELT-CX,2020-06-24 20:42:04
417,17.07.2012,2012-07-17 00:00:00,CX,Altamira CX,Altamira CX,49 - 60 (6),17.07.2012,FUJI-ALCX-CX,2020-06-24 20:42:04
418,13.07.2012,2012-07-13 00:00:00,RD,RL8,RIS9,390 - 540 (6),13.07.2012,BSC-RL8-RD,2020-06-24 20:42:04
419,ARROW ONE,2012-07-13 00:00:00,RD,Arrow One,46 - 58 (5),13.07.2012,CULP-AONE-RD,CULP-AONE-RD,2020-06-24 20:42:04
420,04.07.2012,2012-07-04 00:00:00,RD,BOND,LOGOS,XS - XL (5),04.07.2012,DIAM-BOND-RD,2020-06-24 20:42:04
421,29.06.2012,2012-06-29 00:00:00,TR,TR9,TR9,S - L (5),29.06.2012,FES-B10-TR,2020-06-24 20:42:04
422,27.06.2012,2012-06-27 00:00:00,CX,FCX CROSS,FCX CROSS,475 - 560 (4),27.06.2012,PINA-1127-CX,2020-06-24 20:42:04
423,Propel Adv W /Envie Advanced,2012-06-26 00:00:00,Propel Adv W /Envie Advanced,RD,Propel Adv /Envie Advanced,XXS - L (6),26.06.2012,GIAN-PADW-RD,2020-06-24 20:42:04
424,SIGNATURE,2012-06-22 00:00:00,SIGNATURE,SIGNATURE,TR,Custom,22.06.2012,DWC-SIGN-TR,2020-06-24 20:42:04
425,PAVO 3,2012-06-19 00:00:00,RD,PAVO 3,49 - 61 (5),19.06.2012,SIMP-PAV3-RD,SIMP-PAV3-RD,2020-06-24 20:42:04
426,18.06.2012,2012-06-18 00:00:00,RD,675,675,XS - XL (5),18.06.2012,LOOK-675-RD,2020-06-24 20:42:04
427,PROTOS,2012-06-12 00:00:00,PROTOS,RD,FK PRO,XXS - XXXL (8),12.06.2012,DER-PRO-RD,2020-06-24 20:42:04
428,Propel Adv SL ISP,2012-06-12 00:00:00,Propel Adv SL ISP,RD,Propel Adv SL,XS - XL (7),12.06.2012,GIAN-PASI-RD,2020-06-24 20:42:04
429,11.06.2012,2012-06-11 00:00:00,TT,Bayamo+,Bayamo+,XS - XL (5),11.06.2012,NPR-BAYA-TT,2020-06-24 20:42:04
430,07.06.2012,2012-06-07 00:00:00,CX,CX6,CX6,510 - 550 (3),07.06.2012,BSC-CX6-CX,2020-06-24 20:42:04
431,Fenix,2012-06-05 00:00:00,Fenix,RD,Fenix Fork,XXS - XL (6),05.06.2012,RID-FEN-RD,2020-06-24 20:42:04
432,04.06.2012,2012-06-04 00:00:00,RD,Lexa SLX,ISO Speed Carbon +Speed Trap,50 - 62 (7),04.06.2012,TREK-LEXA-RD,2020-06-24 20:42:04
433,GF02 Disc,2012-06-01 00:00:00,GF02 Disc,GF02 Disc CX,48 - 61 (6),01.06.2012,BMC-GF2D-CX,BMC-GF2D-CX,2020-06-24 20:42:04
434,Helium SL / Helium,2012-05-31 00:00:00,Helium SL / Helium,RD,Helium SL / Helium,XS - XL (5),31.05.2012,RID-HESL-RD,2020-06-24 20:42:04
435,31.05.2012,2012-05-31 00:00:00,TT,ETT,ETT Fork,710 - 830 (5),31.05.2012,EMC-ETT-TT,2020-06-24 20:42:04
436,CORSA DR,2012-05-29 00:00:00,RD,50.5 - 59.5 (7),29.05.2012,AVNT-CDR-RD,AVNT-CDR-RD,Corsa DR Fork,2020-06-24 20:42:04
437,FLUIDITY S,2012-05-24 00:00:00,RD,TF03,XXS - XL (6),24.05.2012,TIME-FLUS-RD,TIME-TF03-RD,2020-06-24 20:42:04
438,FLUIDITY,2012-05-24 00:00:00,RD,TF03,XXS - XL (6),24.05.2012,TIME-FLU-RD,TIME-TF03-RD,2020-06-24 20:42:04
439,NXRS,2012-05-18 00:00:00,RD,TF03,XXS - XL (6),18.05.2012,TIME-NXRS-RD,TIME-TF03-RD,2020-06-24 20:42:04
440,ORDU,2012-05-15 00:00:00,ORDU,TT,"S, M, L",ORB-ORDU-TT,15.05.2012,ORB-ORDU-TT,2020-06-24 20:42:04
441,10.05.2012,2012-05-10 00:00:00,RD,EMX-525,EMX-525 Fork,50 - 60 (6),10.05.2012,EMC-E525-RD,2020-06-24 20:42:04
442,CENTO1 SR,2012-05-09 00:00:00,RD,CENTO1 SR,XS r - XXL r (6)XS - XXL (6),09.05.2012,WIL-C1SR-RD,WIL-C1SR-RD,2020-06-24 20:42:04
443,09.05.2012,2012-05-09 00:00:00,TT,UKSI 2008,"UKSI Fork MK3, MK4",XXS - XXL (7),09.05.2012,MET-UKSI-TT,2020-06-24 20:42:04
444,07.05.2012,2012-05-07 00:00:00,TR,MAAT,MAAT,425 - 500 (5),07.05.2012,PINA-1007-TR,2020-06-24 20:42:04
445,20.04.2012,2012-04-20 00:00:00,RD,Legend,Legend,48 - 62 (7),20.04.2012,KEST-LEG-RD,2020-06-24 20:42:04
446,TTQC29  TT001 TT729,2012-04-18 00:00:00,TT,RC53S,"500, 530, 560",18.04.2012,GGC-QC29-TT,GGC-C53S-TT,2020-06-24 20:42:04
447,18.04.2012,2012-04-18 00:00:00,TR,Track Elite,Track Elite,490 - 610 (6),18.04.2012,FUJI-TREL-TR,2020-06-24 20:42:04
448,NXIO,2012-04-11 00:00:00,RD,NXIO,500 - 600 (5),11.04.2012,SIMP-NXIO-RD,SIMP-NXIO-RD,2020-06-24 20:42:04
449,SEMPRE 2013,2012-04-11 00:00:00,SEMPRE 2013,RD,C1605403,470 - 610 (7),11.04.2012,BIAN-SEM2-RD,2020-06-24 20:42:04
450,ZXRS,2012-04-11 00:00:00,RD,TF03,XXS - XL (6),11.04.2012,TIME-ZXRS-RD,TIME-TF03-RD,2020-06-24 20:42:04
451,CADENT ER2,2012-03-21 00:00:00,RD,21.03.2012,AVNT-CER2-RD,Cadent ER2 Fork, , ,2020-06-24 20:42:04
452,RQC29  TR001 TR426,2012-03-20 00:00:00,RD,RC52S,460 - 580 (5),20.03.2012,GGC-QC29-RD,GGC-C52S-RD,2020-06-24 20:42:04
453,TCR Aluxx MY2012,2012-03-02 00:00:00,TCR Aluxx MY2012,RD,TCR Aluxx MY2012,XS - XL (6),02.03.2012,GIAN-TALU-RD,2020-06-24 20:42:04
454,29.02.2012,2012-02-29 00:00:00,TR,L96 / R96,L96 / R96,XXS - M (4),29.02.2012,LOOK-PT91-TR,2020-06-24 20:42:04
455,Ultralight,2012-02-17 00:00:00,Ultralight,RD,Ultralight,XS - XL (5),17.02.2012,BHB-ULTR-RD,2020-06-24 20:42:04
456,SEMPRE,2012-01-31 00:00:00,SEMPRE,RD,FN38,47 - 61 (7),31.01.2012,BIAN-SEM-RD,2020-06-24 20:42:04
457,INFINITO,2012-01-19 00:00:00,INFINITO,RD,FF35,47 - 61 (7),19.01.2012,BIAN-INFI-RD,2020-06-24 20:42:04
458,OLTREOLTRE XR,2012-01-18 00:00:00,OLTREOLTRE XR,RD,FF0053,47 - 61 (7),18.01.2012,BIAN-OLT-RD,2020-06-24 20:42:04
459,ZERO7  ZERO9,2012-01-05 00:00:00,RD,ZERO7 / ZERO9,46 - 59 (8),05.01.2012,WIL-ZERO-RD,WIL-ZERO-RD,2020-06-24 20:42:04
460,IMPULSO,2012-01-03 00:00:00,IMPULSO,RD,FN11,44 - 63 (10),03.01.2012,BIAN-IMP-RD,2020-06-24 20:42:04
461,21.12.2011,2011-12-21 00:00:00,TT,T4,FK37,51 - 58 (4),21.12.2011,CERV-T4-TR,2020-06-24 20:42:04
462,Raleigh Militis,2011-12-19 00:00:00,Raleigh Militis,RD,Raleigh,500 - 620 (6),19.12.2011,RAL-MILI-RD,2020-06-24 20:42:04
463,Gigadrive,2011-12-09 00:00:00,Gigadrive,RD,FK-M-04,50 - 62 (6),09.12.2011,CENT-GIGA-RD,2020-06-24 20:42:04
464,09.12.2011,2011-12-09 00:00:00,RD,SCULTURA SL,FK-M-04,XXS - XL (8),09.12.2011,MERI-SCSL-RD,2020-06-24 20:42:04
465,Roubaix,2011-12-05 00:00:00,Roubaix,RD,Roubaix,49 - 61 (8),05.12.2011,SPE-RBX-RD,2020-06-24 20:42:04
466,ULTIMAX,2011-11-30 00:00:00,ULTIMAX,RD,ULTIMAX,S - XXL (5),30.11.2011,JORB-ULMX-RD,2020-06-24 20:42:04
467,24.11.2011,2011-11-24 00:00:00,RD,695,HSC7,XS - XXL (6),24.11.2011,LOOK-695-RD,2020-06-24 20:42:04
468,18.11.2011,2011-11-18 00:00:00,TT,Track One,Track One,"49, 51, 54",18.11.2011,PRIN-TTO-TT,2020-06-24 20:42:04
469,14.11.2011,2011-11-14 00:00:00,RD,RIS9,RIS9,430 - 550 (5),14.11.2011,BSC-RIS9-RD,2020-06-24 20:42:04
470,09.11.2011,2011-11-09 00:00:00,RD,Ultravox RS-1,Ultravox RS-1 /fk,465 - 590 (6),09.11.2011,SCT-UVOX-RD,2020-06-24 20:42:04
471,Cyclo Cross Carbon,2011-11-09 00:00:00,Cyclo Cross Carbon,CX,Cyclo Cross Carbon,48 - 61 (5),09.11.2011,CENT-CCC-CX,2020-06-24 20:42:04
472,08.11.2011,2011-11-08 00:00:00,CX,X85,Fork X85,S - XL (4),08.11.2011,LOOK-X85-CX,2020-06-24 20:42:04
473,Granfondo 01,2011-11-08 00:00:00,Granfondo 01,Granfondo RD,48 - 61 (6),08.11.2011,BMC-GF01-RD,BMC-GF-RD,2020-06-24 20:42:04
474,Granfondo 02,2011-11-07 00:00:00,Granfondo 02,Granfondo RD,48 - 61 (6),07.11.2011,BMC-GF02-RD,BMC-GF-RD,2020-06-24 20:42:04
475,28.10.2011,2011-10-28 00:00:00, , , , , ,MERI-REAC-RD,2020-06-24 20:42:04
476,Megadrive Carbon,2011-10-28 00:00:00,Megadrive Carbon,RD,EGM-FK-03,50 - 62 (6),28.10.2011,CENT-MEGA-RD,2020-06-24 20:42:04
477,19.10.2011,2011-10-19 00:00:00,TR,SPEED,SPEED,XS - XL (5),19.10.2011,DIAM-SPE-TR,2020-06-24 20:42:04
478,26.09.2011,2011-09-26 00:00:00,RD,AGF-M02 / L-Series,AGF-M02 / L-Series,S - XL (5),26.09.2011,LITE-AGF2-RD,2020-06-24 20:42:04
479,RQC31  TR002 TR821,2011-09-08 00:00:00,RD,RC58S,460 - 580 (5),08.09.2011,GGC-QC31-RD,GGC-C58S-RD,2020-06-24 20:42:04
480,Vipera Team Issue,2011-09-08 00:00:00,Vipera Team Issue,RD,Vipera Team Issue,490 - 580 (5),08.09.2011,DEPO-VIPE-RD,2020-06-24 20:42:04
481,25.08.2011,2011-08-25 00:00:00,TR,Tee Tee Track,Tee Tee Track,"S, M, L (3)",25.08.2011,KOGA-TEE-TR,2020-06-24 20:42:04
482,CHRONO EVO 2,2011-08-19 00:00:00,TT,"S, M, L, XL (4)",19.08.2011,AVNT-CHR2-TT, , ,2020-06-24 20:42:04
483,28.07.2011,2011-07-28 00:00:00,RD,TF3 1.2,REFLEX,XS - XXL (6),28.07.2011,FOND-TF3-RD,2020-06-24 20:42:04
484,"Defy Adv SL, ISPMY2012",2011-07-27 00:00:00,"Defy Adv SL, ISPMY2012",RD,Defy Adv SL MY2012,XS - XL (9),27.07.2011,GIAN-DASL-RD,2020-06-24 20:42:04
485,26.07.2011,2011-07-26 00:00:00, , , , , ,SLS-MMR-CX,2020-06-24 20:42:04
486,20.07.2011,2011-07-20 00:00:00,RD,FOCUS Izalco,Rigida ProFOCUS,48 - 62 (10),20.07.2011,DCW-IZAL-RD,2020-06-24 20:42:04
487,Conquest TeamConquest Pro,2011-07-07 00:00:00,Conquest TeamConquest Pro,CX,Conquest 1.5 Taper,48 - 58 (5),07.07.2011,SEAT-CONQ-CX,2020-06-24 20:42:04
488,BELADOR,2011-07-07 00:00:00,RD,XS - XL (5),07.07.2011,BERR-BELA-RD, , ,2020-06-24 20:42:04
489,27.06.2011,2011-06-27 00:00:00,RD,Revelator,Revelator,520 - 590 (4),27.06.2011,KTM-REVE-RD,2020-06-24 20:42:04
490,TIME MACHINE,2011-06-21 00:00:00,TT, , , , , ,2020-06-24 20:42:04
491,Twin FoilTwin Blade,2011-06-21 00:00:00,Twin FoilTwin Blade,TT,Twin FoilTwin Blade,"S, M, L, XL (4)",21.06.2011,WIL-TWFO-TT,2020-06-24 20:42:04
492,17.06.2011,2011-06-17 00:00:00,RD,S5 / FM70,FK26 / FK26L,48 - 58 (6),17.06.2011,CERV-S5-RD,2020-06-24 20:42:04
493,LEO SL,2011-06-17 00:00:00,LEO SL,RD,Carbon Super Leggera,"S, M, L, XL (4)",17.06.2011,DEVI-LEO-RD,2020-06-24 20:42:04
494,Pista Evo 2,2011-06-17 00:00:00,Pista Evo 2,TR,Pista Evo 2 Fork,"S, M, L, XL (4)",17.06.2011,AVNT-PIST-TR,2020-06-24 20:42:04
495,15.06.2011,2011-06-15 00:00:00,RD,Madone 4 Series,Bontrager Race Lite E2,44 - 62 (9),15.06.2011,TREK-MAD4-RD,2020-06-24 20:42:04
496,03.06.2011,2011-06-03 00:00:00,TT,Madone 3 Series,Bontrager Race,"50, 54, 58 (3)",03.06.2011,TREK-MAD3-RD,2020-06-24 20:42:04
497,"TCR Adv SL, ISPMY2012",2011-06-01 00:00:00,"TCR Adv SL, ISPMY2012",RD,TCR Adv SL MY2012,XS - XL (8),01.06.2011,GIAN-TASI-RD,2020-06-24 20:42:04
498,"TCR Adv SL, regMY2012",2011-06-01 00:00:00,"TCR Adv SL, regMY2012",RD,TCR Adv SL MY2012,XS - XL (6),01.06.2011,GIAN-TASL-RD,2020-06-24 20:42:04
499,Jonathan Greene,2011-05-30 00:00:00,Jonathan Greene,RD,Team Greene,Custom-built,30.05.2011,JONA-GREE-RD,2020-06-24 20:42:04
500,Noah IBS,2011-05-26 00:00:00,Noah IBS,RD,IBS Fork,XS - XL (5),26.05.2011,RID-NOAH-RD,2020-06-24 20:42:04
501,MR.T,2011-05-25 00:00:00,TT,Mr.T,500 - 590 (4),25.05.2011,SIMP-MRT-TT,SIMP-MRT-TT,2020-06-24 20:42:04
502,23.05.2011,2011-05-23 00:00:00,RD,RD,RD,Custom-built,23.05.2011,ZANC-RD-RD,2020-06-24 20:42:04
503,SERUM,2011-05-20 00:00:00,SERUM,RD,Simplon Serum,48 - 62 (5),20.05.2011,SIMP-SERU-RD,2020-06-24 20:42:04
504,PAVO,2011-05-20 00:00:00,PAVO,RD,S9.1,50 - 65 (6),20.05.2011,SIMP-PAVO-RD,2020-06-24 20:42:04
505,19.05.2011,2011-05-19 00:00:00,RD,LOGOS,LOGOS,XS - XL (5),19.05.2011,DIAM-LGS-RD,2020-06-24 20:42:04
506,16.05.2011,2011-05-16 00:00:00,RD,FOCUS Cayo Evo 2012,FOCUS Cayo Evo,48 - 60 (5),16.05.2011,DCW-CAYO_RD,2020-06-24 20:42:04
507,13.05.2011,2011-05-13 00:00:00,CX,CX,CX,Custom-built,13.05.2011,ZANC-CX-CX,2020-06-24 20:42:04
508,Richard SachsSignature,2011-05-11 00:00:00,Richard SachsSignature,RD,Richard SachsSignature,Custom-built,11.05.2011,SACH-RSS-RD,2020-06-24 20:42:04
509,10.05.2011,2011-05-10 00:00:00,TT,Tee Tee,Tee Tee,"S, M, L (3)",10.05.2011,KOGA-TEE-TT,2020-06-24 20:42:04
510,Foil,2011-05-09 00:00:00,Foil,RD,Foil,XXS - XXL (7),09.05.2011,SCOT-FOIL-RD,2020-06-24 20:42:04
511,06.05.2011,2011-05-06 00:00:00,RD,R10 Superlite,FF4,XS - XXL (6),06.05.2011,TREK-MAD2-RD,2020-06-24 20:42:04
512,20.04.2011,2011-04-20 00:00:00,RD,TF2 1.0,FK - TF3,XXS - XXL (7),20.04.2011,FOND-TF2-RD,2020-06-24 20:42:04
513,18.04.2011,2011-04-18 00:00:00,RD,FPUNO / NEOR T6,ONDA UD / ONDA,440 - 620 (9),18.04.2011,PINA-FUNO-RD,2020-06-24 20:42:04
514,13.04.2011,2011-04-13 00:00:00, , , , , ,PINA-F747-RD,2020-06-24 20:42:04
515,31.03.2011,2011-03-31 00:00:00, , , , , ,ROKH / ROKH 30.12,2020-06-24 20:42:04
516,21.03.2011,2011-03-21 00:00:00,RD,FPQUATTRO / PARIS,ONDA FPK1,425 - 595 (14),21.03.2011,PINA-F757-RD,2020-06-24 20:42:04
517,E116,2011-03-15 00:00:00,TT,E-116,49 - 55 (4),15.03.2011,AR18-E116-TT,AR18-E116-TT,2020-06-24 20:42:04
518,E118,2011-03-15 00:00:00,TT,E-118,49 - 55 (4),15.03.2011,AR18-E118-TT,AR18-E118-TT,2020-06-24 20:42:04
519,Plasma 3,2011-03-11 00:00:00,Plasma 3,TT,Plasma 3,"S, M, L (3)",11.03.2011,SCOT-PLA3-TT,2020-06-24 20:42:04
520,DA,2011-03-03 00:00:00,TT,BAYONET 3 /BAYONET 4,51 - 58 (4),03.03.2011,FELT-DA-TT,/FELT-BAY4-TT,2020-06-24 20:42:04
521,VIF,2011-03-03 00:00:00,TR,Corima Fork,49 - 61 (Custom-built),03.03.2011,CORI-VIF-TR,CORI-VIF-TR,2020-06-24 20:42:04
522,05.10.2018, ,CROSSISTA+,CROSSISTA+, , , , ,2020-06-24 20:42:04
523,06.09.2018, ,CROSSISTA,CROSSISTA, , , , ,2020-06-24 20:42:04
524,08.04.2016, ,C5 Aero,PARD-C5A-RD,RD,PARD-C5A-RD,C5 Aero,480 - 580 (5),2020-06-24 20:42:04
525,20MY SCARLATTI, ,20MY SCARLATTI, , , , , ,2020-06-24 20:42:04
526,3T FUNDA PRO3T, , , , , , , ,2020-06-24 20:42:04
527,5, , , , , , , ,2020-06-24 20:42:04
528,AERO, ,KUOT-AERO-RD, , , , , ,2020-06-24 20:42:04
529,AEROAD CF SL DISC, , , , , , , ,2020-06-24 20:42:04
530,AEROSTORM 2013, , , , , , , ,2020-06-24 20:42:04
531,AU TERME DE LA PROCÉDURE DHOMOLOGATION LES NOMS DES, , ,"manufacturer’s name, the sizes checked, the date of the", , , , ,2020-06-24 20:42:04
532,BC53, ,VGL-BC53-RD, , , , , ,2020-06-24 20:42:04
533,BL45, ,VGL-BL45-RD, , , , , ,2020-06-24 20:42:04
534,BMCTIMARD, , , , , , , ,2020-06-24 20:42:04
535,BMCTMRRRD, , , , , , , ,2020-06-24 20:42:04
536,BRAKE MY21, ,BRAKE MY21, , , , , ,2020-06-24 20:42:04
537,CALIPER, ,KUOT-CALI-RD, , , , , ,2020-06-24 20:42:04
538,CANTI, ,canti, , , , ,canti,2020-06-24 20:42:04
539,CONCERNÉS PAR LA PROCÉDURE DHOMOLOGATION DURANT LA, , ,"approved during the transition stage. However, the non-", , , , ,2020-06-24 20:42:04
540,CORTINA CX, ,Marin CX Disc, , , , ,Cortina CX,2020-06-24 20:42:04
541,CORTINA CX PRO, ,Marin CX-SL Disc, , , , ,Cortina CX Pro,2020-06-24 20:42:04
542,CROSSMACHINE CX01, ,Crossmachine CX01, , , , ,Crossmachine CX01,2020-06-24 20:42:04
543,CT2020 V2, , , , , , , ,2020-06-24 20:42:04
544,DE MODÈLES EXISTANTS À PARTIR DU 1ER JANVIER 2011., , , , , , , ,2020-06-24 20:42:04
545,DE PRODUCTION À LA DATE DU 1ER JANVIER 2011 NE SONT DONC PAS, , ,manufactured on 1 January 2011 are not required to be, , , , ,2020-06-24 20:42:04
546,DIRECT MOUNT, , , , , , , ,2020-06-24 20:42:04
547,DISC, , , , , , , ,2020-06-24 20:42:04
548,DISC BRAKE MY 21, ,DISC BRAKE MY 21, , , , , ,2020-06-24 20:42:04
549,DISC R052, ,One One Four SLXDisc F043,CANY-F043-RD, , , ,Disc R052,2020-06-24 20:42:04
550,DISC R055, ,One One Four SLXDisc F043,CANY-F043-RD, , , ,Disc R055,2020-06-24 20:42:04
551,DISC R057, ,One One Eight SL Disc F044,CANY-F044-RD, , , ,Disc R057,2020-06-24 20:42:04
552,DISCIPLINE CONCERNÉE ET LE CODE DIDENTIFICATION DU MODÈLE, , , , , , , ,2020-06-24 20:42:04
553,DOGMA F10, ,Dogma F10, , , , ,Dogma F10,2020-06-24 20:42:04
554,DOGMA F10 XLIGHT, ,Dogma F10 X-LIGHT, , , , ,Dogma F10 X-LIGHT,2020-06-24 20:42:04
555,DOGMA F12 DISK X, ,DOGMA F12 DISK X-, , , , , ,2020-06-24 20:42:04
556,DOLAN ALPINA WING, , , , , , , ,2020-06-24 20:42:04
557,DÉVELOPPEMENT À LA DATE DU 1ER JANVIER 2011, , , ,production stage (the date of the order form of, , , ,2020-06-24 20:42:04
558,ELEMENT, ,ELEMENT, , , , ,ELEMENT,2020-06-24 20:42:04
559,ELEMENT DISC, ,Element Disc /, , , , ,Element Disc /,2020-06-24 20:42:04
560,ELEMENT SL, ,ELEMENT SL, , , , ,ELEMENT SL,2020-06-24 20:42:04
561,ELEMENT SL DISC, ,Element SL Disc, , , , ,Element SL Disc,2020-06-24 20:42:04
562,ELLIOT, ,ELLIOT, , , , ,ELLIOT,2020-06-24 20:42:04
563,ENDURACE WMN AL, ,One One Eight SL Disc F042,CANY-F042-RD, , , ,Endurace WMN AL,2020-06-24 20:42:04
564,ENDURACE WMN CFSL, ,One One Four SLXDisc F38,CANY-F38-RD, , , ,Endurace WMN CFSL,2020-06-24 20:42:04
565,FABRICANT LES TAILLES CONTRÔLÉES LA DATE DHOMOLOGATION LA, , ,are added to the List of Approved Models of Frames and, , , , ,2020-06-24 20:42:04
566,FK24 SIZE 54 56 58, , , , , , , ,2020-06-24 20:42:04
567,FK26 SIZE 51, , , , , , , ,2020-06-24 20:42:04
568,FK33, ,CERV-FK33-RD, , , , , ,2020-06-24 20:42:04
569,FK35, ,CERV-FK35-RD, , , , , ,2020-06-24 20:42:04
570,FK37, ,CERV-FK37-TT, , , , , ,2020-06-24 20:42:04
571,FK41, ,CERV-FK41-TT, , , , , ,2020-06-24 20:42:04
572,FK42, ,CERV-FK42-RD, , , , , ,2020-06-24 20:42:04
573,FK46, ,CERV-FK46-RD, , , , , ,2020-06-24 20:42:04
574,FK50, ,CERV-FK50-RD, , , , , ,2020-06-24 20:42:04
575,FK52, ,CERV-FK52-RD, , , , , ,2020-06-24 20:42:04
576,FK57, ,CERV-FK57-TR, , , , , ,2020-06-24 20:42:04
577,FLATMOUNT, ,Flatmount, , , , , ,2020-06-24 20:42:04
578,FLITE MSD700 DY17, ,Flite CA Fork DY17, , , , ,Flite MSD700 DY17,2020-06-24 20:42:04
579,FLITE MSD800 DY17, ,Flite FC Fork DY17, , , , ,Flite MSD800 DY17,2020-06-24 20:42:04
580,FOCUS CAYO DISC, ,FOCUS CAYO Disc, , , , , ,2020-06-24 20:42:04
581,FOCUS IZALCO CHRONO, ,FOCUS Izalco Chrono, , , , ,FOCUS Izalco Chrono,2020-06-24 20:42:04
582,FOCUS IZALCO MAX, ,FOCUS IZALCO MAX, , , , , ,2020-06-24 20:42:04
583,FOCUS IZALCO RACE, ,FOCUS Izalco Race, , , , , ,2020-06-24 20:42:04
584,FOCUS MARES CX DISC, ,FOCUS Mares CX Disc, , , , , ,2020-06-24 20:42:04
585,FOI, , , ,models after 1 January 2011., , , ,2020-06-24 20:42:04
586,FORK, ,BMC-TMHF-TT, , , , , ,2020-06-24 20:42:04
587,FOUR SLX F19, ,CANY-F19-RD, , , , , ,2020-06-24 20:42:04
588,FULTRA18, , , , , , , ,2020-06-24 20:42:04
589,GAN  GAN S, ,GAN / GAN S /, , , , ,GAN / GAN S /,2020-06-24 20:42:04
590,GAN RS, ,GAN RS, , , , ,GAN RS,2020-06-24 20:42:04
591,HINGE FORK, , , , , , , ,2020-06-24 20:42:04
592,HOLDSWORTH ROI DE, ,HOLDSWORTH Roi de, , , , ,HOLDSWORTH Roi de,2020-06-24 20:42:04
593,HOLDSWORTH SUPER, ,HOLDSWORTH Super, , , , ,HOLDSWORTH Super,2020-06-24 20:42:04
594,HOMOL. DATE, , , , , , , ,2020-06-24 20:42:04
595,HOMOLOGUÉS DOIVENT DANS TOUS LES CAS ÊTRE CONFORMES AU, , ,technical regulations (Articles 1.3.001 to 1.3.025) and are, , , , ,2020-06-24 20:42:04
596,INFLITE CF SLX DISC, ,One One Four SLX Disc F045,CANY-F045-RD, , , ,Inflite CF SLX Disc,2020-06-24 20:42:04
597,INTEGRATED FORK, , , , , , , ,2020-06-24 20:42:04
598,ISC., , , , , , , ,2020-06-24 20:42:04
599,IZALCO, , , , , , , ,2020-06-24 20:42:04
600,KALIBUR AERO, , , , , , , ,2020-06-24 20:42:04
601,KALIBUR CALIPER, , , , , , , ,2020-06-24 20:42:04
602,KÜDÜ, ,Küdü, , , , ,Küdü,2020-06-24 20:42:04
603,KÜDÜ DISC, ,Küdü Disc, , , , ,Küdü Disc,2020-06-24 20:42:04
604,LA DATE DU BON DE COMMANDE DES MOULES FAISANT, , , , , , , ,2020-06-24 20:42:04
605,LAILAPS, ,LAILAPS,MTOO-LAIL-RD,MTOO-LAIL-RD, , ,LAILAPS,2020-06-24 20:42:04
606,LAPIAE2DTT, , , , , , , ,2020-06-24 20:42:04
607,LAPIAER2TT, , , , , , , ,2020-06-24 20:42:04
608,LCR, ,LCF,LAIL-LCR-RD,LAIL-LCF-RD, , ,LCR,2020-06-24 20:42:04
609,LES MODÈLES DANS LE COMMERCE DÉJÀ FABRIQUÉS OU AU STADE, , ,"Models on the market, at the production stage or already", , , , ,2020-06-24 20:42:04
610,LIGHT, ,LIGHT, , , , , ,2020-06-24 20:42:04
611,LIV BRAVA ADV PRO, ,LIV BRAVA ADV PRO, , , , , ,2020-06-24 20:42:04
612,LPF01, ,LAPI-LPF1-RD, , , , , ,2020-06-24 20:42:04
613,LPF02, ,LAPI-LPF2-RD, , , , , ,2020-06-24 20:42:04
614,MAX, ,MAX, , , , ,MAX,2020-06-24 20:42:04
615,MIRACLE DUSC, ,Miracle Dusc, , , , ,/ Miracle Dusc,2020-06-24 20:42:04
616,ML L XL 6, , , , , , , ,2020-06-24 20:42:04
617,MMR ADRENALINE SLD, ,MMR Adrenaline SLD /, , , , ,MMR Adrenaline SLD,2020-06-24 20:42:04
618,MODÈLES DE CADRES ET DE FOURCHES HOMOLOGUÉS LE NOM DU, , ,"approval, the category involved and the identification code", , , , ,2020-06-24 20:42:04
619,MY18, ,MY18, , , , ,MY18,2020-06-24 20:42:04
620,MÊME AVEC LES LABELS UCI CE MODÈLE NEST PAS AUTORISÉ EN COMPÉTITION, , , , , , , ,2020-06-24 20:42:04
621,NAYANT PAS ENCORE ATTEINT LE STADE DE PRODUCTION, , , ,"the moulds is evidence),", , , ,2020-06-24 20:42:04
622,OMOL. DATE, , , , , , , ,2020-06-24 20:42:04
623,ONE ONE FOUR SLX DISC F045, ,CANY-F045-CX, , , , , ,2020-06-24 20:42:04
624,ONE ONE FOUR SLX DISC F055, ,CANY-F055-CX, , , , , ,2020-06-24 20:42:04
625,ONE ONE FOUR SLX F17 ONE ONE, ,CANY-F17-RD, , , , , ,2020-06-24 20:42:04
626,PISTA, , , , , , , ,2020-06-24 20:42:04
627,PRINCE DISK, ,PRINCE DISK /, , , , , ,2020-06-24 20:42:04
628,PRINCE DISK FX, ,PRINCE DISK FX, , , , , ,2020-06-24 20:42:04
629,PRINCE FX, ,PRINCE FX, , , , , ,2020-06-24 20:42:04
630,PROFESSIONAL, ,Professional, , , , ,Professional,2020-06-24 20:42:04
631,PRP, , , , , , , ,2020-06-24 20:42:04
632,PRP V2, , , , , , , ,2020-06-24 20:42:04
633,PÉRIODE DE TRANSITION. CEPENDANT LES MODÈLES NON, , ,approved models have to comply in any case with the UCI, , , , ,2020-06-24 20:42:04
634,R059, ,One One Four SLX Disc F055,CANY-F055-RD, , , ,R059,2020-06-24 20:42:04
635,R065, , , , , , , ,2020-06-24 20:42:04
636,R081, , , , , , , ,2020-06-24 20:42:04
637,R2, ,R2 Fork, , , , ,R2,2020-06-24 20:42:04
638,R3  R2, ,FK45,CERV-FK45-RD, , , ,R3 / R2,2020-06-24 20:42:04
639,R3 RIM BRAKE VERSION, ,FK56 /, , , , ,R3 rim brake version /,2020-06-24 20:42:04
640,RCA  R7  R5, ,FK35,CERV-FK35-RD, , , ,RCA / R7 / R5 /,2020-06-24 20:42:04
641,REGULAR FORK, , , , , , , ,2020-06-24 20:42:04
642,RESTENT SOUMIS AU CONTRÔLE DES COMMISSAIRES DURANT LES, , , , , , , ,2020-06-24 20:42:04
643,REVELATOR SOLUS, ,REVELATOR SOLUS, , , , ,REVELATOR SOLUS,2020-06-24 20:42:04
644,RIM, ,Rim, , , , , ,2020-06-24 20:42:04
645,RL9, ,RL9, , , , , ,2020-06-24 20:42:04
646,RS8 MY 2017, ,RS8 MY 2017, , , , ,RS8 MY 2017,2020-06-24 20:42:04
647,RS9, ,RS9, , , , ,RS9,2020-06-24 20:42:04
648,RÈGLEMENT TECHNIQUE DE LUCI ARTICLES 1.3.001 À 1.3.025 ET, , ,subjects to the commissaires decision during events., , , , ,2020-06-24 20:42:04
649,S SM M, , , , , , , ,2020-06-24 20:42:04
650,SIGNATUREAE, ,SIGNATURE-AE, , , , ,SIGNATURE-AE,2020-06-24 20:42:04
651,STINGER, ,STINGER, , , , ,STINGER,2020-06-24 20:42:04
652,STINGER R, ,STINGER R, , , , ,STINGER R,2020-06-24 20:42:04
653,SUPER ELECTRA LTD, ,Super Electra LTD, , , , ,Super Electra LTD,2020-06-24 20:42:04
654,SUPER VELOCE, ,Super Veloce, , , , ,Super Veloce,2020-06-24 20:42:04
655,SUPER VELOCE RRC, ,Super Veloce RRC, , , , ,Super Veloce RRC,2020-06-24 20:42:04
656,SUPER VELOCE SL, ,Super Veloce SL, , , , ,Super Veloce SL,2020-06-24 20:42:04
657,SYNAPSE CARBON, ,SYNAPSE Carbon, , , , ,SYNAPSE Carbon,2020-06-24 20:42:04
658,SYNAPSE HIMOD, ,SYNAPSE HiMod, , , , ,SYNAPSE HiMod,2020-06-24 20:42:04
659,TCR ADV PRO MY21, ,TCR Adv Pro MY21, , , , , ,2020-06-24 20:42:04
660,TCR ADV SL MY21, , , , , , , ,2020-06-24 20:42:04
661,TCX ADV PRO DISC, ,TCX ADV PRO DISC, , , , , ,2020-06-24 20:42:04
662,TD054, ,CERV-TD54-TR, , , , , ,2020-06-24 20:42:04
663,TIME MACHINE HINGE, , , , , , , ,2020-06-24 20:42:04
664,TIME MACHINE ROAD, , , , , , , ,2020-06-24 20:42:04
665,TOUTES LES MODIFICATIONS APPORTÉES À LA GÉOMÉTRIE, , , , , , , ,2020-06-24 20:42:04
666,ULTIMATE WMN CFSLX, ,One One Four SLXDisc F38,CANY-F38-RD, , , ,Ultimate WMN CFSLX,2020-06-24 20:42:04
667,ULTRA  ULTRA CF, , , , , , , ,2020-06-24 20:42:04
668,VELO, ,Velo, , , , ,Velo,2020-06-24 20:42:04
669,XS50  XL58, , , , , , , ,2020-06-24 20:42:04
670,XSMALL1 8, , , , , , , ,2020-06-24 20:42:04
671,XXLARGE1, , , , , , , ,2020-06-24 20:42:04
672,ÉPREUVES., , ,"approved models of frames and forks, together with the", , , , ,2020-06-24 20:42:04
